user_id,activity_date,duration_minutes
0,2025-04-28,37
0,2025-07-11,34
0,2025-12-21,83
0,2025-05-23,91
0,2026-01-08,8
0,2025-02-20,47
0,2026-08-19,118
0,2026-06-14,115
0,2026-10-03,48
0,2026-10-22,100
0,2026-06-10,55
0,2025-05-09,62
1,2025-09-15,56
1,2025-06-02,72
1,2025-06-26,101
1,2025-05-07,4
1,2026-09-08,13
1,2026-07-09,98
1,2025-12-06,55
1,2025-05-17,13
2,2026-02-05,76
2,2025-04-11,91
2,2025-10-03,26
2,2025-09-15,14
2,2025-03-15,92
2,2025-08-03,7
2,2026-06-17,36
2,2026-05-07,103
2,2026-03-04,91
2,2025-03-01,73
2,2026-03-12,69
2,2026-08-14,91
2,2026-10-09,64
2,2025-06-04,72
2,2025-08-07,86
2,2025-12-13,21
3,2026-07-13,56
3,2025-11-12,75
3,2025-11-27,18
3,2026-01-02,8
3,2026-07-14,55
3,2025-12-11,81
3,2025-11-26,15
3,2025-12-19,63
3,2026-02-09,5
3,2025-12-19,31
3,2025-12-19,1
3,2026-04-22,91
3,2025-12-26,23
3,2025-12-20,78
3,2025-12-21,107
3,2026-07-26,78
3,2026-11-08,83
3,2025-11-15,76
3,2026-11-04,105
4,2026-10-18,96
4,2026-02-14,117
4,2026-02-05,28
4,2026-05-02,63
4,2026-10-09,32
4,2025-04-25,42
4,2026-03-07,95
4,2026-10-19,117
4,2025-11-15,104
4,2025-03-23,106
4,2026-03-14,109
4,2025-02-07,60
4,2025-10-15,105
4,2025-03-03,53
4,2025-04-22,86
4,2025-12-26,85
4,2026-02-28,120
4,2025-05-12,88
5,2025-02-03,57
5,2025-12-27,69
5,2026-11-17,4
5,2025-09-13,115
5,2026-05-18,18
5,2025-02-15,113
5,2026-09-17,95
5,2025-10-15,65
5,2026-08-01,70
5,2025-01-26,4
5,2026-09-02,54
5,2026-06-16,86
5,2025-03-27,25
5,2026-10-03,39
5,2026-02-25,83
5,2025-03-17,115
5,2026-11-27,76
5,2026-03-20,86
5,2026-09-17,20
6,2026-10-22,120
6,2026-11-21,7
6,2026-01-19,46
6,2025-05-09,116
6,2025-10-04,46
6,2026-01-16,116
6,2025-06-16,37
6,2025-09-24,49
6,2026-02-25,120
6,2026-10-26,110
6,2026-03-10,82
6,2025-10-23,82
6,2026-10-13,50
6,2025-08-20,55
6,2025-08-15,66
6,2026-03-03,57
6,2025-06-18,44
6,2025-10-05,21
6,2026-10-25,32
7,2026-09-18,17
7,2025-12-19,102
7,2025-11-18,52
7,2025-12-02,113
7,2026-03-09,51
7,2026-03-25,68
7,2026-10-19,9
7,2026-01-20,107
7,2025-10-10,10
7,2025-10-19,115
7,2025-11-22,97
7,2025-10-23,53
7,2025-10-07,61
7,2026-01-11,24
7,2025-10-09,42
7,2025-11-11,100
7,2025-10-12,117
7,2026-05-16,19
8,2025-05-14,41
8,2025-07-23,38
8,2026-01-26,73
8,2026-07-28,9
8,2026-12-16,115
8,2025-12-05,90
8,2026-10-18,74
8,2025-12-18,117
8,2025-10-15,107
8,2025-05-09,11
8,2026-05-14,67
8,2025-07-27,42
8,2025-10-21,49
9,2026-10-22,69
9,2025-12-23,80
9,2026-05-17,49
9,2026-12-28,12
9,2026-06-19,34
9,2026-11-02,15
9,2025-12-24,77
9,2025-12-28,88
9,2026-06-08,90
9,2026-12-02,45
9,2025-12-16,11
9,2026-11-24,8
9,2025-12-07,54
10,2025-10-23,83
10,2025-05-17,75
10,2026-06-12,77
10,2025-10-16,1
10,2025-04-20,84
10,2026-03-10,68
10,2026-03-02,38
10,2026-07-22,111
10,2026-12-28,72
10,2026-07-16,53
10,2025-09-26,56
10,2026-03-01,105
10,2026-06-14,111
10,2026-08-25,57
10,2026-09-01,74
11,2026-06-08,25
11,2025-11-05,32
11,2026-05-26,52
11,2026-03-28,82
11,2025-11-11,90
11,2026-01-04,51
11,2026-10-20,45
11,2025-05-01,89
11,2026-03-28,24
11,2025-07-05,38
11,2025-12-14,113
11,2026-12-22,61
11,2026-07-05,98
11,2026-10-03,50
11,2025-06-03,23
11,2026-12-04,12
11,2026-09-27,33
11,2026-01-01,98
11,2025-06-16,76
12,2026-12-16,72
12,2025-06-28,11
12,2025-12-20,113
12,2026-08-26,115
12,2025-07-15,18
12,2026-05-28,22
12,2026-02-05,94
12,2025-05-02,27
12,2026-04-24,98
12,2026-06-08,56
12,2026-12-19,94
12,2026-09-02,60
12,2026-11-06,48
12,2026-09-06,40
12,2025-04-22,72
12,2025-11-11,113
12,2026-06-26,97
13,2025-06-22,55
13,2026-05-21,48
13,2026-11-15,44
13,2025-12-07,109
13,2025-06-05,25
13,2025-11-15,37
13,2026-11-20,94
13,2025-09-15,116
13,2026-04-08,86
13,2026-11-21,87
13,2025-09-06,4
13,2025-12-27,72
13,2026-11-06,105
14,2026-06-23,2
14,2025-05-20,101
14,2026-04-27,6
14,2026-06-23,82
14,2025-04-13,78
14,2025-09-24,70
14,2025-08-20,115
15,2026-04-10,2
15,2025-12-24,14
15,2025-08-15,61
15,2026-09-03,108
15,2026-06-06,36
15,2026-05-22,47
15,2026-05-14,7
15,2025-10-12,89
15,2025-09-20,80
15,2025-09-23,101
15,2025-02-21,88
15,2026-04-21,77
16,2025-10-15,65
16,2026-09-24,50
16,2026-10-17,66
16,2025-11-02,40
16,2026-08-19,90
16,2025-09-04,36
16,2026-11-05,33
16,2026-04-02,104
17,2026-12-09,23
17,2026-03-07,107
17,2025-12-15,21
17,2025-10-19,102
17,2025-10-04,83
17,2026-01-13,118
17,2025-12-07,23
18,2025-03-05,16
18,2025-02-01,24
18,2025-03-01,3
18,2025-12-17,50
18,2026-07-13,15
18,2025-01-17,108
19,2026-02-01,71
19,2025-11-07,48
19,2026-02-10,8
19,2025-11-11,84
19,2025-09-19,66
19,2025-12-09,54
19,2025-10-11,40
19,2026-10-11,107
19,2025-09-01,26
19,2025-12-27,97
19,2026-03-01,48
19,2026-06-24,76
19,2026-08-27,10
19,2026-01-23,6
19,2026-07-22,50
19,2026-05-03,10
19,2025-12-12,39
19,2025-09-23,108
19,2025-11-01,104
19,2026-09-11,13
20,2026-10-16,6
20,2025-07-25,72
20,2025-08-14,71
20,2025-06-18,19
20,2026-09-24,73
20,2026-03-13,78
20,2026-01-17,30
20,2026-09-18,67
20,2025-09-17,88
20,2026-10-03,47
20,2025-07-26,76
20,2026-03-12,59
20,2025-11-15,115
20,2026-01-23,77
20,2025-04-01,12
20,2025-08-23,98
20,2026-08-28,81
21,2026-01-10,11
21,2025-12-05,10
21,2026-06-11,66
21,2026-02-15,63
21,2026-05-23,12
21,2025-12-10,50
21,2025-11-04,70
21,2025-12-03,78
21,2026-03-14,35
21,2025-11-05,78
22,2026-09-19,10
22,2026-01-26,91
22,2026-12-24,47
22,2026-03-04,106
22,2026-11-10,48
22,2026-01-11,56
22,2025-10-28,74
22,2025-10-28,112
22,2026-08-27,1
22,2025-12-02,9
22,2026-04-23,116
22,2026-07-09,7
22,2026-03-07,106
22,2025-11-28,111
22,2026-03-17,21
22,2026-12-26,36
22,2025-10-03,63
22,2025-10-23,34
22,2026-04-03,18
22,2026-02-13,120
23,2025-09-03,8
23,2026-09-21,90
23,2025-03-04,74
23,2026-01-20,23
23,2026-02-27,85
23,2025-07-06,55
23,2025-02-24,47
23,2025-09-02,106
23,2025-05-02,5
23,2026-02-26,56
23,2026-11-01,1
23,2026-05-23,107
23,2025-10-19,101
23,2026-09-23,42
23,2026-04-26,83
23,2025-11-17,60
24,2025-10-12,17
24,2026-05-16,99
24,2025-10-27,94
24,2025-12-05,61
24,2025-08-26,69
24,2025-07-25,93
24,2025-04-09,43
24,2025-06-12,100
24,2026-04-22,24
24,2025-11-10,28
24,2026-08-09,68
24,2025-09-28,118
24,2025-10-17,8
24,2026-05-18,56
24,2025-10-15,25
24,2025-08-10,120
24,2025-12-10,23
24,2026-04-13,118
25,2026-03-18,7
25,2026-06-02,58
25,2026-05-23,7
25,2026-06-15,80
25,2026-06-03,47
25,2026-03-07,73
25,2025-02-20,5
25,2026-06-04,6
25,2026-11-23,40
25,2025-12-20,14
25,2025-03-03,13
25,2026-09-13,13
25,2025-04-11,104
25,2026-12-15,88
26,2025-12-23,23
26,2025-12-01,52
26,2026-04-11,105
26,2026-12-03,88
26,2025-02-03,86
26,2025-04-15,116
26,2026-10-12,112
26,2025-02-06,111
26,2026-12-02,11
26,2026-02-11,28
26,2025-07-26,84
26,2026-08-21,114
26,2026-01-15,37
26,2025-09-04,98
26,2026-12-07,109
26,2025-09-20,71
26,2025-07-23,96
27,2025-09-22,97
27,2025-08-01,51
27,2026-11-20,28
27,2026-12-01,27
27,2025-08-09,45
27,2025-08-07,55
27,2025-12-20,90
27,2026-02-03,70
27,2026-11-20,117
27,2025-09-21,44
27,2025-12-12,45
27,2025-10-22,73
27,2026-03-02,47
27,2026-02-02,8
27,2026-08-19,74
27,2025-08-13,74
28,2025-04-18,50
28,2026-08-09,6
28,2025-10-17,35
28,2025-06-22,25
28,2026-05-19,90
28,2026-04-01,1
28,2026-08-15,49
28,2025-08-11,2
28,2025-05-21,45
28,2025-04-16,28
28,2026-06-09,17
28,2026-03-10,14
28,2026-09-09,24
28,2025-05-22,74
28,2025-06-26,29
28,2026-06-28,13
28,2025-03-24,101
28,2025-12-02,83
29,2025-09-08,1
29,2026-09-09,32
29,2025-06-04,12
29,2026-07-15,29
29,2025-04-10,115
29,2026-08-11,97
29,2026-06-28,73
29,2025-05-06,76
29,2026-05-06,51
29,2025-07-27,31
29,2026-11-26,113
29,2025-04-23,19
29,2026-06-12,67
29,2025-05-09,60
29,2026-01-23,77
29,2025-04-15,15
29,2025-09-27,21
29,2025-12-01,24
30,2026-12-06,13
30,2025-12-12,117
30,2025-12-24,1
30,2026-10-04,56
30,2025-12-17,56
30,2025-12-11,71
30,2025-12-19,96
30,2026-12-16,22
30,2025-12-18,67
30,2025-12-25,99
30,2026-04-16,69
31,2025-10-13,78
31,2025-10-19,62
31,2025-10-09,43
31,2026-01-22,13
31,2025-04-24,97
31,2026-03-01,7
31,2025-10-07,79
31,2026-09-05,81
31,2025-04-22,20
31,2025-06-03,36
31,2026-08-09,84
32,2025-11-24,15
32,2025-09-12,74
32,2025-03-22,17
32,2025-05-02,82
32,2025-03-09,120
32,2025-06-28,17
32,2025-10-16,46
32,2025-04-08,48
32,2025-03-25,98
32,2025-11-03,54
32,2026-01-14,33
33,2025-04-22,106
33,2025-09-23,102
33,2025-11-15,59
33,2026-07-19,13
33,2025-06-25,10
33,2025-06-20,12
33,2026-11-27,88
33,2025-11-10,49
33,2025-06-19,96
33,2025-05-26,4
33,2026-04-27,95
33,2026-02-20,50
33,2026-03-05,73
33,2025-07-04,54
33,2026-01-17,8
33,2026-07-18,114
33,2026-07-27,117
34,2026-01-13,30
34,2026-03-03,74
34,2026-06-12,8
34,2026-10-10,100
34,2026-05-21,5
34,2026-07-13,26
34,2026-10-25,25
34,2025-11-14,45
34,2025-09-21,78
34,2026-03-15,25
34,2025-08-13,18
34,2026-02-03,38
34,2025-09-07,101
34,2026-11-05,118
34,2026-11-18,90
34,2026-05-22,20
34,2025-12-17,109
35,2026-10-22,80
35,2025-12-05,82
35,2025-12-27,92
35,2025-12-09,29
35,2025-12-26,31
35,2025-12-15,24
36,2025-12-18,31
36,2025-11-09,26
36,2025-11-03,11
36,2026-11-17,64
36,2026-01-12,93
36,2026-06-28,60
36,2026-12-19,87
36,2026-08-11,102
36,2026-07-19,92
36,2026-12-25,116
36,2026-04-12,31
36,2026-06-19,61
36,2026-07-13,120
36,2026-02-14,27
36,2026-03-03,23
36,2026-05-12,3
37,2026-10-10,66
37,2025-06-06,98
37,2026-10-05,42
37,2026-10-13,51
37,2026-08-06,15
38,2025-08-28,36
38,2025-04-12,100
38,2025-05-06,50
38,2025-05-02,86
38,2026-11-18,75
38,2025-04-26,115
38,2025-07-27,15
38,2026-06-10,28
38,2025-08-19,53
38,2025-11-25,59
38,2025-02-22,116
38,2025-01-18,83
39,2026-09-27,46
39,2025-08-04,11
39,2026-12-18,58
39,2025-11-09,41
39,2025-08-12,105
39,2026-12-06,56
39,2026-05-09,109
39,2026-01-04,64
40,2025-04-23,68
40,2026-06-24,106
40,2025-07-15,60
40,2026-03-19,56
40,2026-11-11,53
40,2025-07-15,1
40,2025-08-02,83
40,2025-09-27,20
40,2026-09-03,4
40,2026-06-21,67
40,2025-04-01,118
41,2026-11-06,94
41,2025-06-10,24
41,2026-08-22,109
41,2025-06-14,4
41,2026-04-19,89
41,2025-12-07,98
41,2026-09-26,81
41,2025-09-06,117
41,2025-07-04,26
42,2026-06-23,20
42,2026-03-24,4
42,2025-12-24,81
42,2026-04-12,17
42,2026-10-12,106
42,2025-09-05,22
42,2025-11-08,90
42,2025-12-20,78
42,2025-08-10,47
42,2026-12-23,107
42,2025-10-08,17
42,2025-11-14,12
42,2026-01-16,51
42,2025-08-18,59
42,2025-12-06,50
42,2026-02-25,65
42,2025-09-13,5
43,2025-11-04,20
43,2026-02-12,83
43,2025-12-22,72
43,2025-08-28,64
43,2026-12-25,34
43,2026-07-16,26
43,2026-08-25,34
43,2025-09-07,28
44,2025-05-23,66
44,2025-04-25,78
44,2026-05-05,45
44,2025-05-06,94
44,2026-07-02,49
44,2025-12-11,28
44,2026-11-02,116
44,2026-04-27,115
44,2026-04-03,110
45,2025-11-13,88
45,2026-05-04,106
45,2025-09-16,86
45,2026-04-28,72
45,2026-02-21,72
45,2026-03-01,114
45,2025-10-25,50
45,2025-12-22,8
46,2026-04-19,107
46,2026-11-12,50
46,2025-12-24,36
46,2026-01-12,41
46,2026-10-03,103
46,2025-12-12,12
46,2026-12-09,10
46,2025-12-11,55
46,2026-01-19,120
46,2025-12-19,28
46,2026-08-18,64
46,2026-03-02,62
46,2025-12-01,33
46,2025-12-06,86
47,2025-12-28,84
47,2026-02-05,94
47,2025-10-10,10
47,2025-12-08,97
47,2026-10-13,60
48,2026-01-19,67
48,2026-04-03,22
48,2026-08-16,30
48,2025-06-05,57
48,2026-11-25,4
48,2026-06-23,74
48,2026-11-18,54
48,2026-04-27,82
48,2025-08-07,15
48,2025-10-11,40
48,2025-04-17,87
48,2026-03-08,16
48,2025-04-06,16
48,2025-09-27,4
48,2026-08-26,49
48,2026-05-19,82
48,2026-05-16,1
48,2025-04-05,54
48,2026-07-10,40
49,2026-07-10,74
49,2026-10-15,119
49,2026-02-14,105
49,2025-11-12,55
49,2025-10-28,43
49,2025-08-14,32
49,2026-06-23,29
49,2026-04-02,76
49,2026-05-19,55
49,2025-11-15,11
49,2025-12-21,46
49,2025-12-23,49
49,2025-10-07,7
49,2026-10-15,93
49,2025-09-12,45
49,2025-09-17,21
49,2026-07-22,27
49,2026-05-08,11
50,2026-09-20,109
50,2026-10-13,45
50,2026-07-22,56
50,2025-05-11,97
50,2026-05-24,29
50,2026-12-09,101
50,2025-05-20,16
50,2026-10-20,76
50,2025-10-08,107
50,2026-05-19,58
50,2026-04-19,113
50,2026-07-09,3
50,2025-03-08,7
50,2026-09-14,17
50,2026-12-07,74
51,2025-06-06,14
51,2025-12-15,17
51,2025-05-04,111
51,2026-01-16,42
51,2026-09-12,25
51,2026-11-23,101
51,2026-06-11,61
51,2025-05-02,32
51,2025-03-10,36
51,2026-05-13,119
51,2025-05-24,79
51,2025-12-02,106
51,2025-05-24,112
52,2025-11-25,15
52,2025-12-11,110
52,2026-06-17,91
52,2026-04-11,75
52,2026-11-22,108
52,2026-01-18,56
52,2025-11-03,34
52,2026-09-10,25
52,2026-12-11,51
52,2026-04-03,10
52,2025-12-02,114
52,2025-12-06,25
52,2026-03-22,95
52,2025-11-28,32
52,2025-12-15,38
52,2025-12-14,27
53,2025-06-08,85
53,2026-12-19,54
53,2026-09-27,4
53,2025-10-26,116
53,2026-12-23,115
53,2025-11-28,36
53,2026-10-02,20
53,2025-12-22,63
54,2026-02-15,34
54,2025-10-10,27
54,2026-01-05,30
54,2026-01-06,21
54,2026-07-13,44
54,2025-11-25,44
54,2025-10-07,18
54,2025-12-26,30
54,2025-10-01,18
54,2026-07-19,14
54,2025-10-01,30
54,2025-10-07,33
54,2026-08-15,9
54,2025-12-14,101
54,2026-06-27,2
54,2026-07-05,100
54,2026-10-20,45
54,2026-04-24,8
54,2025-11-21,48
55,2025-06-06,117
55,2025-09-27,63
55,2025-08-01,28
55,2026-12-26,17
55,2025-07-18,38
55,2026-02-26,75
55,2025-06-15,92
55,2025-07-22,103
55,2025-09-02,113
55,2026-01-15,105
55,2026-05-22,114
56,2025-12-21,82
56,2026-06-27,34
56,2026-02-20,101
56,2025-12-02,50
56,2026-11-18,30
56,2026-03-26,87
56,2026-11-05,44
56,2025-11-05,41
56,2025-12-13,51
56,2026-12-09,118
56,2025-11-16,32
56,2025-12-19,99
56,2025-11-04,17
56,2025-11-02,16
56,2026-09-02,31
56,2026-12-18,54
56,2025-11-15,110
56,2025-12-10,89
56,2025-11-20,20
57,2025-12-23,46
57,2025-12-24,114
57,2025-12-04,23
57,2025-11-16,50
57,2026-04-08,72
57,2026-03-06,3
57,2026-05-05,19
57,2025-12-06,49
57,2026-11-26,34
57,2026-04-07,95
57,2025-11-07,38
57,2026-05-15,113
57,2025-12-17,108
57,2026-09-20,75
57,2026-01-09,60
57,2025-11-01,111
58,2026-09-22,45
58,2025-10-07,101
58,2026-08-09,80
58,2025-11-14,82
58,2025-07-20,95
58,2026-07-08,35
58,2025-12-16,61
58,2026-03-06,117
58,2026-10-05,3
58,2026-02-13,45
58,2025-07-26,78
58,2025-05-21,48
58,2025-07-19,37
58,2025-06-11,119
58,2026-04-02,20
58,2026-06-25,86
59,2025-09-08,60
59,2025-11-14,23
59,2026-11-25,24
59,2025-09-13,10
59,2026-11-09,80
59,2025-11-22,71
59,2026-02-07,27
59,2025-07-21,69
59,2025-06-09,74
59,2025-11-28,21
59,2025-12-21,11
59,2025-12-05,13
59,2025-12-03,48
59,2026-09-22,117
59,2025-11-12,69
59,2025-12-14,70
59,2026-09-16,52
60,2025-07-25,75
60,2025-11-11,34
60,2025-10-10,40
60,2025-12-01,6
60,2026-03-19,119
60,2026-08-21,68
60,2026-04-27,41
60,2026-12-13,82
60,2026-05-28,52
60,2026-12-04,77
60,2026-12-05,28
60,2026-11-06,15
60,2025-12-14,104
60,2025-08-03,25
61,2025-05-23,9
61,2025-05-06,79
61,2026-09-07,102
61,2025-05-24,63
61,2025-02-16,111
61,2026-03-27,98
61,2026-10-20,77
61,2026-10-23,68
61,2025-11-06,66
61,2025-02-24,71
62,2025-08-14,55
62,2026-01-24,89
62,2025-05-02,1
62,2026-04-24,21
62,2026-04-18,51
63,2025-03-11,81
63,2025-08-26,23
63,2026-04-17,116
63,2025-11-23,1
63,2026-09-23,21
63,2026-10-06,85
63,2025-03-15,51
63,2026-03-27,59
63,2026-04-28,30
63,2025-11-07,113
63,2026-11-26,113
64,2025-12-14,116
64,2025-12-21,15
64,2026-03-13,59
64,2025-11-14,71
64,2026-02-01,10
64,2025-11-22,65
64,2025-11-08,92
64,2025-11-22,70
64,2025-12-06,60
64,2025-12-11,91
64,2025-12-16,64
65,2025-09-14,97
65,2026-10-06,1
65,2025-11-08,99
65,2025-10-15,78
65,2026-07-04,59
65,2025-11-19,54
65,2025-11-12,85
65,2026-03-24,87
65,2025-10-23,51
65,2026-06-23,106
65,2026-09-13,98
65,2025-11-19,107
65,2025-10-11,58
65,2025-11-20,65
65,2025-11-11,29
65,2026-11-14,81
65,2025-12-24,39
66,2025-10-09,81
66,2026-03-25,80
66,2026-07-19,39
66,2025-10-19,80
66,2026-08-01,72
66,2025-11-26,77
66,2026-05-22,88
66,2026-05-18,46
66,2026-07-09,10
67,2026-02-14,60
67,2025-07-27,59
67,2026-04-13,94
67,2025-09-10,100
67,2025-07-10,41
67,2025-12-06,85
67,2026-01-11,22
67,2025-03-06,52
67,2025-10-02,51
67,2026-05-18,78
67,2025-03-27,70
68,2026-09-27,33
68,2026-09-04,99
68,2025-09-18,113
68,2025-09-11,62
68,2026-11-27,70
68,2025-12-09,107
68,2025-11-14,111
68,2025-09-05,119
68,2026-06-01,7
68,2025-10-02,87
69,2026-11-13,14
69,2026-11-07,3
69,2026-07-10,13
69,2026-10-07,106
69,2026-09-22,109
69,2026-07-15,73
69,2025-10-25,62
69,2025-11-04,68
69,2026-03-14,113
69,2025-06-04,81
69,2025-09-12,114
69,2025-06-08,35
69,2026-05-09,17
69,2025-09-16,36
69,2026-07-18,116
69,2026-06-06,39
70,2026-03-26,100
70,2025-03-11,117
70,2026-10-20,56
70,2026-03-11,120
70,2026-03-06,110
70,2025-03-20,2
71,2025-08-21,83
71,2026-08-26,4
71,2026-08-10,62
71,2026-05-18,37
71,2026-06-20,29
71,2026-06-06,13
71,2025-08-11,1
71,2026-02-05,37
71,2026-12-12,28
71,2025-07-23,107
71,2025-05-24,32
71,2026-03-22,24
71,2025-06-23,100
71,2026-04-25,82
71,2025-12-16,21
72,2026-09-21,70
72,2025-09-18,42
72,2026-09-11,22
72,2025-08-06,88
72,2026-03-23,110
72,2026-02-13,15
72,2026-08-12,79
72,2025-11-03,8
72,2026-01-17,110
72,2025-09-10,77
72,2025-08-15,59
72,2026-05-16,30
72,2026-11-07,46
72,2025-08-15,112
72,2026-02-27,102
72,2026-02-12,75
72,2026-12-26,74
72,2026-04-09,38
73,2025-07-08,63
73,2025-05-07,16
73,2025-08-03,112
73,2025-05-08,106
73,2025-08-02,66
73,2026-09-18,114
73,2025-10-03,46
73,2025-09-18,61
73,2025-02-10,106
73,2026-03-11,88
73,2025-07-06,16
74,2026-07-11,107
74,2025-07-24,29
74,2026-09-02,13
74,2025-07-14,88
74,2026-04-10,36
74,2026-08-03,95
74,2026-08-24,49
74,2025-11-26,51
74,2025-06-08,27
74,2026-03-19,78
74,2026-07-21,102
74,2026-05-11,7
74,2025-02-04,7
74,2026-08-08,74
74,2025-10-08,107
74,2026-03-04,91
74,2025-10-20,53
74,2026-05-06,84
74,2026-07-09,95
75,2026-10-12,57
75,2025-11-12,106
75,2026-06-21,91
75,2026-09-05,67
75,2025-12-02,23
75,2025-04-15,96
75,2026-12-18,78
75,2025-05-10,68
75,2025-12-28,58
75,2025-10-01,119
75,2026-10-17,39
75,2026-06-26,13
75,2026-04-14,64
75,2025-11-13,67
76,2025-09-24,28
76,2025-09-17,65
76,2026-07-28,69
76,2025-08-19,32
76,2026-09-03,36
76,2026-10-01,114
76,2025-12-22,118
76,2025-08-15,60
77,2026-06-05,72
77,2026-07-19,27
77,2025-10-03,81
77,2026-12-17,69
77,2025-12-24,2
77,2026-04-05,87
78,2025-12-24,16
78,2025-11-08,101
78,2025-07-08,110
78,2025-11-16,40
78,2025-12-28,41
78,2026-02-08,93
78,2026-01-19,8
78,2026-09-26,13
78,2025-07-10,42
78,2025-08-10,28
78,2026-04-13,9
78,2026-12-26,101
78,2026-04-13,97
78,2026-03-15,11
78,2025-12-12,66
78,2026-10-08,27
78,2026-04-26,80
79,2025-12-18,42
79,2026-02-12,82
79,2026-08-22,32
79,2025-12-28,50
79,2026-04-19,63
79,2025-12-12,102
80,2025-12-10,32
80,2026-11-20,6
80,2025-12-16,63
80,2025-12-01,110
80,2025-12-25,84
80,2026-07-01,44
80,2025-12-06,67
80,2025-12-26,33
81,2025-12-03,5
81,2025-12-11,82
81,2025-12-18,112
81,2026-07-27,34
81,2025-12-04,5
81,2025-11-05,63
81,2025-11-09,19
81,2026-07-07,55
81,2025-11-09,82
81,2026-11-09,59
81,2025-11-19,41
81,2025-11-19,53
81,2025-12-16,52
82,2025-12-06,23
82,2026-10-17,59
82,2026-06-25,45
82,2025-09-27,107
82,2026-09-24,115
82,2026-03-28,63
82,2025-11-09,114
82,2025-08-21,55
82,2025-08-25,50
82,2026-12-25,107
82,2025-09-10,27
82,2025-12-16,27
82,2026-08-21,96
83,2025-05-07,52
83,2026-08-15,2
83,2026-02-08,92
83,2025-11-01,80
83,2025-07-07,66
83,2026-01-06,70
83,2025-08-05,45
83,2026-03-02,119
83,2026-02-21,109
83,2025-05-03,79
83,2025-12-12,58
83,2026-03-01,35
83,2026-02-01,8
83,2026-12-19,108
83,2026-02-19,28
83,2025-06-12,100
84,2025-02-20,62
84,2026-02-21,119
84,2025-04-25,36
84,2026-01-19,94
84,2026-03-24,50
84,2026-10-14,27
84,2025-04-12,11
84,2026-05-26,19
84,2025-06-01,34
84,2025-04-14,13
84,2025-10-27,80
84,2025-02-07,40
85,2026-02-23,49
85,2025-10-16,2
85,2025-12-13,58
85,2025-10-05,100
85,2025-10-20,43
85,2025-11-26,54
85,2025-10-19,47
85,2025-11-18,75
85,2025-10-11,60
85,2026-10-11,4
85,2025-10-16,32
85,2025-11-26,73
85,2025-10-26,60
85,2025-12-15,12
85,2025-10-21,58
85,2025-10-03,14
85,2025-12-27,49
86,2026-02-21,50
86,2026-03-06,16
86,2025-11-11,112
86,2026-12-14,102
86,2025-11-04,73
86,2025-12-26,9
87,2025-09-09,40
87,2025-08-02,19
87,2025-06-10,110
87,2025-04-12,19
87,2025-12-13,2
87,2025-07-06,28
87,2026-02-05,94
87,2025-11-09,40
87,2026-08-06,49
87,2025-05-22,24
87,2026-11-21,46
87,2026-02-08,119
87,2025-09-14,11
87,2026-10-27,39
87,2025-12-05,35
87,2026-12-12,75
87,2026-02-13,5
87,2025-03-04,74
87,2025-07-18,75
87,2025-04-26,56
88,2026-12-20,103
88,2026-05-16,72
88,2026-09-22,54
88,2025-04-15,49
88,2025-01-17,68
88,2026-05-15,34
88,2025-09-24,30
88,2026-11-18,12
88,2025-10-02,63
88,2026-10-28,73
88,2025-02-14,39
88,2025-01-13,74
88,2025-07-20,94
88,2025-04-26,42
88,2025-05-18,35
88,2026-05-15,6
88,2025-02-08,74
89,2026-05-14,24
89,2025-12-28,2
89,2025-02-06,26
89,2026-11-24,19
89,2025-06-11,1
89,2025-04-01,8
89,2025-01-18,67
89,2026-04-26,38
89,2026-08-08,76
89,2025-10-01,1
89,2025-02-09,16
89,2026-01-01,75
89,2025-07-19,97
89,2025-04-05,88
89,2026-04-15,95
89,2026-12-23,80
89,2025-07-01,70
89,2026-05-18,108
90,2026-08-09,50
90,2025-02-02,3
90,2026-11-08,32
90,2026-02-04,93
90,2025-09-03,119
90,2025-10-03,41
90,2025-12-20,72
91,2026-06-17,19
91,2026-03-01,25
91,2026-11-01,9
91,2026-04-11,98
91,2025-09-14,53
91,2025-12-11,49
91,2026-05-19,114
91,2026-07-14,57
91,2025-05-04,8
91,2025-09-21,93
91,2025-07-23,99
91,2025-07-05,84
91,2025-12-20,119
91,2026-01-05,115
91,2026-03-02,68
91,2026-09-03,64
92,2026-03-15,30
92,2026-11-07,53
92,2026-03-08,45
92,2026-01-01,38
92,2025-06-20,13
92,2025-12-23,43
92,2025-12-04,88
92,2026-02-21,23
92,2026-06-19,3
92,2026-11-28,115
92,2026-02-02,8
92,2026-10-06,29
92,2025-08-14,53
93,2025-12-05,72
93,2025-12-15,12
93,2025-12-24,113
93,2025-12-05,73
93,2026-02-12,12
94,2025-10-18,92
94,2026-01-16,95
94,2026-07-25,42
94,2025-10-10,49
94,2025-10-21,23
94,2025-11-14,29
94,2026-07-27,4
94,2025-12-03,43
94,2025-08-12,64
95,2026-08-28,20
95,2026-04-12,72
95,2026-02-16,53
95,2025-09-11,97
95,2025-09-27,59
95,2025-11-15,1
95,2026-07-23,104
95,2026-06-23,101
95,2026-03-28,17
95,2026-02-20,113
95,2026-07-28,70
96,2026-10-10,61
96,2026-02-22,21
96,2025-07-12,2
96,2025-10-04,104
96,2026-09-19,62
96,2026-03-05,31
96,2026-05-26,27
96,2026-01-10,93
96,2026-12-25,49
96,2025-05-05,12
96,2026-11-14,108
96,2026-10-24,97
96,2026-03-12,33
96,2025-04-13,85
96,2026-05-21,105
96,2025-05-04,86
96,2026-04-18,71
96,2025-12-05,60
96,2025-04-28,86
97,2025-12-08,44
97,2026-09-28,111
97,2025-11-17,67
97,2026-10-26,54
97,2025-12-13,34
97,2025-12-28,13
97,2025-11-06,12
97,2025-12-10,26
97,2026-02-26,93
97,2025-11-28,4
97,2025-12-02,40
97,2026-01-27,31
97,2026-03-04,92
97,2026-01-02,26
97,2025-11-23,26
97,2025-12-18,106
97,2025-11-03,104
97,2026-01-01,27
98,2026-02-08,14
98,2026-12-04,76
98,2026-11-18,54
98,2025-12-04,114
98,2026-03-25,46
98,2025-12-17,34
98,2025-11-21,37
98,2026-09-11,112
98,2026-01-21,16
98,2025-08-15,44
98,2025-09-17,22
98,2025-07-16,119
98,2025-11-17,87
98,2026-09-24,1
99,2025-12-20,98
99,2025-12-15,15
99,2026-02-14,4
99,2025-12-27,20
99,2025-12-22,77
99,2026-05-16,63
99,2025-12-16,44
99,2025-12-15,113
99,2026-09-28,14
99,2025-12-26,37
99,2025-12-26,46
99,2026-09-02,2
99,2025-12-22,112
99,2026-04-26,99
99,2025-12-13,24
99,2025-12-13,75
99,2025-12-20,86
99,2026-09-12,109
99,2026-05-13,86
99,2026-01-13,103
100,2026-02-14,80
100,2025-11-19,109
100,2026-12-24,113
100,2025-11-11,8
100,2025-12-10,106
100,2025-12-03,1
100,2026-01-07,26
100,2026-01-27,84
100,2026-03-10,109
100,2025-11-20,69
100,2025-11-10,70
100,2026-09-03,29
100,2025-11-10,117
100,2025-12-20,104
100,2025-11-11,110
100,2025-11-05,13
100,2026-02-13,61
100,2026-12-18,50
100,2026-07-23,102
101,2025-11-28,120
101,2026-04-10,71
101,2025-02-01,42
101,2025-02-25,36
101,2026-07-09,99
101,2025-08-17,105
101,2026-02-11,61
101,2025-09-11,42
101,2025-03-18,99
101,2025-08-16,43
101,2025-03-08,76
101,2026-10-16,65
102,2026-06-09,20
102,2026-11-02,98
102,2026-03-08,94
102,2026-01-05,38
102,2026-07-25,95
102,2026-05-14,99
102,2026-08-05,5
102,2026-02-15,14
103,2026-04-02,106
103,2026-02-12,50
103,2026-11-16,69
103,2025-11-22,93
103,2025-07-04,63
104,2026-04-17,3
104,2025-12-10,106
104,2025-11-17,109
104,2026-12-15,86
104,2025-12-02,21
104,2025-11-09,99
104,2026-11-17,52
104,2025-12-06,72
104,2026-01-15,54
104,2026-05-05,2
104,2026-11-13,88
104,2025-10-16,9
104,2025-11-07,94
104,2026-08-14,89
104,2025-11-20,17
105,2026-12-17,107
105,2026-10-02,53
105,2025-09-17,118
105,2026-10-22,30
105,2025-07-23,43
105,2026-04-09,1
105,2026-01-22,68
105,2025-10-07,74
105,2026-12-03,116
105,2026-10-28,58
105,2026-05-25,2
106,2025-10-14,58
106,2025-11-17,77
106,2026-08-23,44
106,2026-05-06,56
106,2025-12-23,111
106,2025-09-27,101
106,2026-03-28,24
106,2026-04-28,52
106,2025-11-24,27
106,2025-08-23,23
106,2025-09-16,14
106,2025-08-27,60
106,2026-11-16,55
106,2025-11-04,55
106,2025-08-25,38
107,2026-02-10,35
107,2026-10-18,30
107,2025-10-06,14
107,2026-10-01,27
107,2025-09-01,116
107,2025-11-19,102
107,2025-08-09,24
107,2026-05-16,107
107,2025-08-14,70
107,2025-08-15,60
108,2025-03-13,119
108,2025-09-25,6
108,2026-11-01,5
108,2026-10-07,27
108,2025-08-27,59
109,2026-05-13,74
109,2025-09-28,104
109,2026-03-19,36
109,2026-07-08,118
109,2025-10-19,5
109,2026-06-09,8
109,2025-11-20,94
109,2026-02-23,78
109,2025-10-05,60
109,2025-12-06,70
110,2025-11-04,106
110,2026-04-12,84
110,2025-06-25,73
110,2026-01-05,107
110,2026-12-14,58
110,2026-11-11,106
110,2025-09-28,22
111,2026-04-19,63
111,2026-10-24,81
111,2026-01-15,93
111,2025-11-28,70
111,2026-05-27,1
111,2026-12-16,47
111,2026-01-06,6
111,2025-04-19,108
111,2025-12-02,22
111,2025-04-12,100
111,2026-04-20,5
111,2026-05-18,74
111,2025-12-08,23
111,2025-08-07,32
112,2025-08-06,32
112,2026-02-02,20
112,2026-11-26,43
112,2026-01-04,80
112,2025-10-10,43
112,2025-09-28,52
112,2026-12-26,27
112,2025-09-07,113
112,2025-10-28,32
112,2026-03-19,55
112,2025-08-26,69
113,2026-10-24,95
113,2025-02-05,107
113,2026-05-03,21
113,2025-08-25,43
113,2026-06-28,79
114,2025-02-05,32
114,2026-07-07,10
114,2026-08-10,76
114,2026-05-06,9
114,2025-07-06,77
114,2026-11-03,73
114,2025-08-11,80
114,2025-10-05,24
114,2026-08-03,90
115,2025-11-12,30
115,2026-03-14,110
115,2026-08-11,20
115,2026-05-13,14
115,2025-08-20,55
115,2025-11-26,99
115,2025-08-01,74
115,2025-12-09,41
115,2025-10-02,25
115,2025-08-03,46
115,2025-10-12,2
115,2026-02-09,27
116,2025-12-10,31
116,2025-12-16,118
116,2026-11-05,34
116,2026-10-05,48
116,2026-03-05,12
116,2025-12-21,103
116,2026-12-18,102
116,2025-12-24,119
116,2025-12-25,70
117,2026-01-14,64
117,2026-10-07,27
117,2025-10-19,76
117,2026-06-04,46
117,2025-10-11,60
117,2026-07-09,8
117,2026-11-17,101
117,2026-12-17,68
117,2025-10-25,42
117,2026-12-26,62
117,2025-12-26,23
117,2025-11-13,62
117,2025-10-12,40
117,2025-11-24,48
117,2025-12-06,72
117,2025-10-06,112
117,2026-01-25,14
117,2025-11-24,102
117,2026-03-25,114
117,2026-08-06,71
118,2025-12-25,33
118,2025-08-03,109
118,2025-09-08,119
118,2026-02-10,73
118,2025-12-01,101
118,2025-12-23,84
118,2026-07-06,107
118,2026-01-05,53
118,2026-01-09,118
118,2026-01-19,47
118,2026-04-06,9
118,2026-05-21,6
118,2025-09-20,10
118,2025-08-19,29
118,2025-10-25,26
118,2025-09-06,39
118,2026-02-03,76
118,2025-11-28,1
119,2026-01-17,19
119,2026-08-22,5
119,2026-07-09,52
119,2025-11-27,108
119,2025-12-14,112
119,2025-11-10,28
120,2025-10-19,42
120,2025-11-06,26
120,2026-07-03,57
120,2026-11-05,110
120,2025-12-04,27
120,2025-11-04,2
120,2026-05-23,12
120,2026-05-05,26
120,2025-11-12,36
120,2026-02-24,26
120,2026-03-15,61
120,2026-09-12,62
120,2026-01-14,110
120,2025-11-20,38
120,2025-12-02,105
120,2026-07-26,9
121,2026-06-04,66
121,2026-01-03,107
121,2026-10-20,73
121,2025-03-10,90
121,2025-01-06,37
121,2025-08-10,35
121,2026-02-25,64
121,2025-04-09,45
121,2026-06-26,26
121,2026-10-09,58
121,2025-03-12,112
121,2026-09-12,96
121,2025-07-27,98
121,2025-07-18,73
121,2025-05-23,60
121,2025-04-17,56
121,2026-02-21,2
121,2025-10-11,30
121,2026-11-11,62
121,2026-03-03,51
122,2025-06-25,76
122,2025-01-19,100
122,2025-08-18,10
122,2026-11-14,7
122,2026-08-28,83
122,2026-12-04,38
122,2025-08-17,117
122,2026-05-07,59
122,2025-07-24,49
122,2025-09-25,58
122,2026-07-09,115
122,2026-08-05,87
122,2026-04-13,71
123,2026-11-10,113
123,2025-12-12,105
123,2025-08-05,58
123,2026-12-06,74
123,2025-08-25,67
123,2026-06-02,90
123,2026-11-27,108
124,2025-07-08,47
124,2026-07-02,44
124,2025-06-23,32
124,2026-05-14,76
124,2025-06-01,51
124,2026-11-15,86
124,2025-03-27,52
124,2026-12-26,114
124,2025-11-05,24
124,2025-09-14,114
124,2026-10-21,36
124,2025-12-01,99
124,2026-09-21,65
124,2026-06-07,65
124,2026-11-20,104
124,2025-09-16,97
124,2025-12-14,27
125,2025-10-23,80
125,2026-07-01,95
125,2026-11-11,109
125,2025-12-21,39
125,2025-04-27,16
125,2026-01-09,83
125,2026-12-25,10
125,2026-11-24,57
125,2025-08-13,27
125,2025-02-25,9
125,2026-03-19,120
125,2025-09-07,104
125,2025-10-27,79
125,2025-12-19,105
126,2026-02-18,20
126,2026-12-11,114
126,2025-05-15,12
126,2026-12-01,69
126,2026-05-20,34
126,2025-08-19,38
126,2025-02-07,92
126,2025-03-22,99
126,2025-07-10,88
126,2025-03-10,46
127,2026-01-13,77
127,2025-11-20,44
127,2026-04-01,48
127,2026-10-17,21
127,2026-04-18,117
127,2026-11-26,32
127,2025-11-26,112
127,2025-12-24,69
127,2025-12-16,65
127,2025-12-21,49
127,2026-11-08,87
127,2025-12-21,68
127,2025-11-13,84
127,2026-10-24,85
127,2025-11-11,1
127,2025-12-25,6
127,2025-12-02,120
127,2025-12-21,39
128,2026-01-07,4
128,2025-11-21,115
128,2025-10-06,52
128,2025-11-06,77
128,2026-09-06,84
128,2026-05-27,68
129,2025-04-15,19
129,2026-10-06,83
129,2026-11-09,12
129,2025-10-18,1
129,2026-10-22,15
129,2026-02-06,103
129,2026-07-13,17
129,2025-12-02,68
129,2025-04-08,80
129,2025-11-02,82
129,2025-10-07,87
129,2026-05-09,28
129,2026-10-13,81
129,2025-08-11,67
129,2026-01-03,23
130,2026-11-22,19
130,2026-03-22,113
130,2026-04-14,77
130,2025-10-03,119
130,2025-04-15,47
131,2025-08-18,117
131,2026-10-15,52
131,2025-08-20,49
131,2026-01-05,118
131,2026-04-13,41
131,2025-12-10,6
131,2026-06-08,90
131,2026-05-17,97
131,2025-12-18,105
131,2026-06-25,36
131,2025-08-28,52
131,2026-09-18,19
132,2026-12-19,58
132,2026-04-17,48
132,2026-12-13,53
132,2025-10-05,30
132,2026-01-13,52
132,2026-10-25,80
132,2026-05-19,10
132,2025-11-19,40
133,2025-07-24,7
133,2026-03-20,68
133,2026-03-06,53
133,2025-05-13,54
133,2026-02-15,120
133,2026-03-07,115
133,2026-07-20,76
133,2025-08-07,42
133,2026-07-18,66
133,2026-12-16,58
133,2025-10-25,56
133,2025-09-04,32
133,2026-09-06,7
133,2026-10-27,32
133,2025-10-07,78
133,2025-06-05,17
133,2026-01-01,1
133,2025-09-10,7
133,2026-07-05,108
133,2025-09-24,84
134,2025-12-24,120
134,2025-12-10,16
134,2025-12-17,104
134,2026-06-05,116
134,2026-03-02,76
134,2026-11-11,107
134,2026-05-06,96
134,2025-12-01,43
134,2025-12-17,24
134,2025-12-27,30
134,2025-12-14,55
134,2025-12-18,116
135,2025-05-21,110
135,2026-07-18,17
135,2025-06-16,85
135,2026-04-21,120
135,2025-12-20,53
135,2026-02-17,56
135,2026-08-05,97
135,2026-01-10,32
135,2026-08-09,16
135,2025-10-08,10
135,2025-12-22,80
135,2026-07-04,2
135,2025-12-16,64
135,2025-07-03,64
135,2026-01-08,54
135,2025-07-02,19
135,2026-10-24,107
136,2025-12-07,27
136,2026-01-07,39
136,2025-12-28,40
136,2026-08-10,71
136,2025-12-16,56
136,2025-12-24,69
136,2026-03-25,29
137,2025-08-23,108
137,2026-07-11,10
137,2025-11-21,5
137,2026-02-16,89
137,2025-09-28,69
137,2026-02-09,46
137,2026-04-09,5
137,2025-12-26,46
137,2025-10-12,70
137,2025-08-11,115
137,2026-05-09,92
137,2026-11-12,32
137,2025-11-02,83
137,2026-08-01,7
137,2026-01-19,32
138,2026-06-10,16
138,2026-01-25,32
138,2025-04-03,103
138,2025-12-07,76
138,2026-07-25,21
139,2025-12-12,118
139,2026-11-09,81
139,2025-12-15,69
139,2025-10-13,42
139,2025-12-23,44
139,2025-11-10,89
140,2025-05-24,31
140,2026-12-14,17
140,2025-02-07,78
140,2026-05-09,109
140,2025-10-17,116
140,2025-08-16,6
140,2026-01-20,22
140,2025-12-23,16
140,2025-10-27,93
140,2026-04-03,12
140,2025-12-28,117
140,2025-08-13,13
140,2025-07-18,36
140,2026-09-02,44
140,2025-08-08,24
140,2025-03-20,84
140,2026-01-10,59
140,2025-04-01,41
141,2026-11-01,61
141,2026-05-12,92
141,2026-05-16,93
141,2025-10-21,115
141,2025-09-15,97
141,2025-11-13,96
141,2025-11-24,32
141,2026-07-26,63
141,2026-07-05,112
141,2026-03-08,42
141,2026-01-12,30
141,2025-10-24,50
142,2026-01-05,48
142,2026-09-15,1
142,2025-09-17,52
142,2025-08-27,7
142,2026-04-02,51
142,2026-04-14,107
142,2025-08-02,17
143,2026-05-27,2
143,2025-06-28,28
143,2025-10-04,22
143,2025-12-24,31
143,2025-07-12,18
143,2025-10-09,44
143,2025-11-07,99
144,2026-10-15,90
144,2026-04-28,15
144,2025-11-02,7
144,2026-01-05,111
144,2026-06-27,64
144,2026-11-11,33
144,2026-11-19,18
144,2025-10-10,96
144,2026-12-10,119
144,2026-04-17,12
144,2025-12-01,81
144,2025-12-20,50
144,2026-11-12,68
144,2025-10-27,109
144,2026-06-13,52
144,2025-09-20,102
144,2026-03-04,64
144,2026-01-11,90
144,2026-07-01,31
145,2025-12-27,18
145,2026-09-14,4
145,2026-01-10,58
145,2025-12-13,3
145,2025-12-12,103
145,2025-12-17,47
145,2025-12-12,26
145,2025-12-15,30
145,2025-12-16,104
145,2025-12-14,7
145,2026-09-15,74
145,2025-12-05,23
145,2026-05-03,27
145,2025-12-10,57
145,2026-01-23,49
145,2026-12-24,47
145,2025-12-22,104
145,2026-12-15,75
146,2026-12-15,16
146,2025-12-14,96
146,2026-12-13,75
146,2025-12-11,50
146,2025-11-07,113
146,2026-12-20,64
147,2026-07-18,1
147,2026-11-15,7
147,2025-11-24,89
147,2026-08-26,94
147,2025-12-08,110
147,2025-11-19,24
147,2025-11-20,47
147,2026-08-08,28
147,2025-11-23,91
147,2026-04-26,88
147,2025-11-19,111
147,2026-05-09,6
147,2025-11-11,31
148,2026-08-13,80
148,2025-09-06,57
148,2026-04-20,120
148,2025-08-24,69
148,2026-11-05,6
148,2025-08-22,24
148,2025-06-09,89
148,2025-06-14,79
148,2025-08-25,103
148,2025-09-10,18
149,2026-08-22,10
149,2025-12-01,103
149,2026-06-27,42
149,2025-08-27,35
149,2026-03-13,8
149,2026-06-14,73
149,2025-06-18,29
149,2025-03-01,92
149,2026-05-08,28
149,2025-05-25,98
149,2026-11-24,100
150,2025-09-15,60
150,2026-04-07,10
150,2026-12-17,90
150,2025-08-13,119
150,2026-12-16,4
150,2026-01-07,72
150,2026-01-08,49
150,2025-07-20,41
150,2025-11-17,102
151,2025-07-03,94
151,2025-10-26,91
151,2026-12-02,17
151,2026-05-01,87
151,2026-08-26,98
151,2026-09-06,55
151,2026-07-05,48
151,2025-09-27,21
151,2025-03-08,91
151,2026-04-26,66
151,2026-11-28,102
151,2026-05-14,94
151,2025-07-19,58
151,2026-06-20,63
152,2025-12-07,76
152,2026-12-19,108
152,2026-10-26,10
152,2026-10-23,65
152,2026-01-19,95
152,2026-06-01,111
152,2026-10-23,103
152,2025-10-27,54
152,2026-05-07,17
152,2025-12-08,76
152,2026-07-04,17
153,2025-11-18,75
153,2025-11-28,117
153,2025-08-20,37
153,2026-04-09,3
153,2025-11-03,24
153,2026-07-24,90
153,2025-07-07,105
153,2026-08-10,23
154,2026-07-23,60
154,2026-02-28,66
154,2025-11-07,58
154,2026-01-11,85
154,2026-02-13,67
154,2025-12-23,10
154,2025-12-19,83
154,2026-07-10,60
154,2026-07-01,97
154,2026-09-14,88
155,2026-10-25,102
155,2026-04-22,70
155,2025-09-28,80
155,2026-03-07,51
155,2025-09-27,70
155,2025-10-14,11
155,2026-07-05,1
155,2025-12-11,46
155,2026-12-15,88
155,2026-05-11,64
155,2026-06-11,97
155,2026-08-12,13
155,2025-11-16,56
155,2026-01-01,7
155,2026-09-15,44
155,2026-09-28,17
155,2026-11-02,46
155,2025-12-13,46
155,2026-06-04,20
156,2026-05-09,9
156,2026-05-01,19
156,2025-04-17,53
156,2026-01-17,100
156,2025-06-27,61
156,2025-12-03,58
156,2025-04-14,25
156,2025-10-10,104
156,2026-03-07,66
156,2026-01-06,6
157,2025-11-20,95
157,2025-07-20,100
157,2026-12-03,28
157,2026-11-19,2
157,2026-11-03,106
157,2026-10-16,112
157,2026-03-27,35
157,2026-03-18,35
157,2025-08-12,50
157,2026-09-01,39
157,2026-01-15,27
157,2026-07-25,89
157,2026-05-17,2
157,2026-08-21,82
157,2025-11-09,87
158,2026-10-27,81
158,2025-03-22,56
158,2025-03-23,79
158,2026-05-05,84
158,2025-04-03,46
159,2026-09-09,79
159,2025-10-07,109
159,2026-03-02,30
159,2025-12-24,57
159,2026-08-10,69
159,2026-08-12,79
159,2026-02-22,40
159,2025-11-14,95
159,2026-11-17,93
160,2025-03-17,67
160,2025-12-11,101
160,2026-12-17,104
160,2026-02-19,54
160,2025-06-21,99
160,2025-05-14,4
160,2026-12-18,49
160,2026-03-15,54
160,2026-05-17,27
160,2025-10-07,90
161,2026-07-06,108
161,2025-09-12,12
161,2025-12-18,65
161,2025-11-25,19
161,2026-06-27,44
162,2026-10-18,76
162,2025-12-05,31
162,2025-12-24,19
162,2025-12-04,58
162,2025-10-06,30
162,2026-11-27,74
162,2025-09-23,105
162,2026-06-27,35
162,2026-01-22,114
162,2026-08-15,75
162,2026-12-09,10
162,2026-07-16,41
162,2026-04-19,68
162,2025-09-27,58
163,2026-09-03,46
163,2025-07-16,78
163,2025-10-19,39
163,2026-09-20,98
163,2026-03-13,106
163,2025-10-09,71
163,2026-07-07,68
163,2025-04-01,88
163,2026-07-03,20
163,2025-11-13,88
163,2025-04-04,120
164,2026-12-03,71
164,2025-10-19,83
164,2026-11-26,98
164,2025-10-27,104
164,2025-12-01,118
165,2026-12-25,109
165,2025-10-02,59
165,2025-10-16,100
165,2025-12-18,19
165,2026-09-20,115
165,2025-10-09,116
165,2026-11-10,78
165,2026-01-08,92
165,2026-01-14,63
165,2026-08-17,79
165,2026-09-26,94
165,2025-10-11,46
165,2026-01-26,63
165,2026-04-24,13
165,2025-12-07,13
165,2026-06-11,81
165,2025-12-28,99
166,2026-11-02,46
166,2025-12-03,68
166,2026-10-20,87
166,2025-11-09,91
166,2026-05-02,40
166,2026-09-18,27
166,2025-07-10,9
166,2026-08-02,84
166,2025-08-08,83
166,2026-01-07,52
166,2026-02-11,81
166,2026-09-20,10
166,2025-11-21,57
166,2026-10-15,69
166,2025-08-08,82
167,2026-06-14,66
167,2026-05-14,61
167,2026-01-25,30
167,2026-12-28,55
167,2026-01-03,56
167,2025-07-20,41
167,2026-04-25,64
167,2025-06-12,75
167,2026-06-15,91
167,2025-07-22,57
167,2025-06-17,51
167,2025-05-05,73
167,2025-10-18,48
167,2026-11-06,106
168,2025-03-10,12
168,2026-12-12,9
168,2026-11-24,33
168,2025-10-14,103
168,2026-01-15,117
168,2025-05-10,102
168,2026-08-23,33
168,2026-03-24,16
168,2026-12-21,74
168,2026-09-10,84
168,2025-11-16,35
168,2025-07-03,57
169,2026-01-06,115
169,2025-11-17,86
169,2025-12-19,71
169,2025-12-04,30
169,2026-05-22,62
170,2025-11-09,105
170,2025-09-26,58
170,2026-01-24,17
170,2025-10-13,37
170,2025-05-25,120
170,2025-04-14,110
170,2026-12-01,74
170,2026-12-27,24
170,2025-10-07,54
170,2026-08-15,16
170,2026-07-14,56
170,2025-02-05,41
170,2026-04-09,23
170,2025-04-26,109
170,2025-04-22,90
170,2025-06-20,76
170,2025-03-07,93
171,2026-09-08,115
171,2026-08-12,80
171,2025-09-16,111
171,2026-10-03,42
171,2025-11-09,105
171,2026-02-09,38
171,2025-10-07,32
171,2026-02-15,39
171,2026-06-14,113
171,2026-03-28,104
171,2026-01-04,71
171,2026-04-16,97
171,2025-12-07,9
171,2026-12-21,49
171,2026-06-19,98
171,2025-10-16,88
171,2026-07-28,113
171,2026-02-10,78
171,2025-09-07,119
172,2025-10-24,103
172,2026-06-03,94
172,2025-11-25,37
172,2026-09-13,62
172,2025-10-18,117
172,2025-12-01,39
172,2026-04-08,9
172,2026-06-09,49
172,2025-11-22,62
172,2026-10-27,26
172,2025-11-03,15
172,2026-12-26,76
172,2026-09-17,60
172,2026-04-03,18
172,2025-11-01,75
173,2026-04-15,64
173,2026-07-04,66
173,2025-04-23,68
173,2026-09-02,8
173,2025-12-16,32
173,2025-08-07,75
173,2025-09-03,9
173,2026-04-14,62
173,2026-03-21,14
173,2025-11-26,71
173,2025-12-15,13
173,2025-10-21,68
173,2026-07-10,17
173,2026-08-27,7
173,2026-11-18,84
174,2025-09-27,75
174,2025-06-26,93
174,2025-08-09,23
174,2025-03-13,5
174,2025-05-07,7
175,2026-06-21,89
175,2026-12-01,87
175,2026-03-06,37
175,2025-04-10,101
175,2025-03-13,53
175,2026-01-04,41
175,2025-07-11,95
175,2025-03-04,111
175,2026-07-08,27
175,2025-05-05,110
176,2026-01-02,41
176,2025-11-05,24
176,2025-07-12,49
176,2025-12-01,13
176,2025-07-04,98
176,2025-09-18,40
176,2025-08-19,13
176,2025-08-21,23
176,2026-03-17,49
177,2025-12-08,94
177,2026-06-27,111
177,2026-11-10,43
177,2025-12-10,24
177,2026-05-25,103
177,2026-10-15,55
177,2025-12-09,75
177,2026-07-07,35
178,2025-10-08,56
178,2026-11-22,61
178,2025-09-22,74
178,2026-03-20,61
178,2025-10-13,107
178,2025-10-23,23
178,2026-07-12,105
178,2026-10-28,9
178,2026-08-25,115
178,2026-03-12,101
179,2025-12-14,39
179,2025-12-16,101
179,2026-04-08,52
179,2026-03-10,113
179,2026-05-25,51
179,2026-12-11,86
179,2025-12-07,72
179,2026-03-25,82
179,2026-12-08,20
179,2026-04-23,97
179,2026-08-19,20
179,2026-02-11,61
180,2025-11-15,111
180,2026-04-24,81
180,2025-06-09,28
180,2026-07-18,43
180,2026-04-22,74
180,2025-07-26,13
180,2026-12-18,19
181,2026-10-21,31
181,2025-10-04,46
181,2025-12-03,13
181,2026-09-21,26
181,2026-02-01,32
181,2025-11-26,27
181,2026-03-13,8
181,2026-12-06,100
181,2025-05-09,69
181,2026-08-18,116
181,2025-12-05,50
181,2026-10-07,16
181,2025-05-10,51
181,2025-08-26,99
182,2026-03-11,83
182,2026-03-24,75
182,2025-11-27,90
182,2026-06-25,52
182,2025-09-20,14
182,2026-03-24,120
182,2026-01-07,51
182,2026-09-28,86
182,2025-08-06,83
182,2026-12-13,92
182,2026-10-15,12
182,2026-08-22,4
182,2026-11-18,29
182,2025-10-08,77
182,2025-08-04,50
182,2025-09-12,101
182,2025-08-13,100
182,2025-12-20,35
182,2025-08-07,29
183,2026-05-07,61
183,2026-08-22,103
183,2025-08-18,102
183,2025-08-02,106
183,2026-02-24,8
183,2025-10-16,77
183,2025-04-03,33
183,2025-05-13,2
183,2026-10-21,91
183,2025-04-02,109
183,2026-11-06,115
183,2025-06-17,72
184,2026-02-13,118
184,2025-11-20,78
184,2025-11-10,19
184,2025-11-09,65
184,2026-05-18,34
184,2025-11-07,41
184,2025-11-14,8
184,2026-10-22,13
184,2026-10-04,27
184,2026-01-03,42
184,2026-02-28,90
184,2025-12-04,27
184,2025-11-19,88
184,2026-01-05,39
184,2026-11-28,1
184,2025-11-10,12
184,2025-11-27,69
184,2026-11-10,41
185,2026-12-03,99
185,2025-09-16,109
185,2026-08-13,38
185,2026-04-20,10
185,2025-10-26,11
185,2025-11-16,39
185,2025-11-13,16
185,2026-03-08,83
185,2025-06-12,37
186,2025-08-03,118
186,2026-04-11,7
186,2026-10-22,56
186,2025-11-03,53
186,2026-06-11,22
186,2026-03-25,84
187,2026-02-01,18
187,2026-05-16,93
187,2025-12-19,70
187,2026-09-17,118
187,2026-07-13,78
187,2026-09-19,77
187,2025-09-01,48
187,2025-11-14,58
187,2026-11-13,27
187,2026-06-25,65
187,2026-03-28,24
187,2026-11-24,12
187,2026-03-13,52
187,2025-11-13,47
187,2025-11-13,112
187,2025-12-01,85
187,2025-09-10,110
187,2026-02-27,29
187,2025-12-17,83
187,2026-03-09,6
188,2025-09-01,82
188,2026-07-18,77
188,2025-11-26,98
188,2025-12-05,69
188,2025-09-16,53
188,2025-10-17,93
188,2025-09-12,112
188,2025-10-08,19
188,2025-10-06,72
188,2025-11-01,69
188,2026-08-11,111
188,2025-10-12,78
188,2026-01-01,35
188,2025-09-24,97
188,2026-08-20,103
188,2025-10-12,114
188,2025-09-08,45
188,2025-11-07,41
188,2026-03-06,99
189,2025-08-10,16
189,2026-08-18,6
189,2026-09-08,4
189,2025-10-01,109
189,2025-02-10,14
189,2026-12-11,32
189,2026-02-20,43
189,2025-10-25,117
189,2025-12-09,37
190,2026-08-10,94
190,2025-12-02,23
190,2025-12-17,87
190,2025-10-13,29
190,2026-08-18,83
190,2025-12-08,60
190,2025-12-05,13
190,2025-12-20,93
190,2026-05-08,106
190,2026-10-19,2
190,2026-06-18,42
190,2026-08-26,48
190,2026-12-25,3
190,2026-03-19,115
190,2025-11-20,56
190,2025-12-10,46
190,2025-12-20,103
190,2026-01-13,9
190,2025-11-11,54
190,2026-04-08,58
191,2026-08-02,11
191,2026-06-05,57
191,2026-02-08,54
191,2025-06-19,116
191,2025-04-12,29
191,2025-10-09,25
191,2026-12-13,79
191,2025-12-20,109
191,2026-05-09,39
191,2026-08-28,117
191,2025-07-26,113
191,2025-10-10,87
191,2025-05-24,19
192,2025-07-10,66
192,2025-12-02,36
192,2025-09-23,17
192,2026-02-24,43
192,2026-04-28,51
192,2025-08-18,44
192,2026-08-10,109
192,2025-09-06,107
192,2026-10-26,49
192,2025-07-09,22
192,2026-08-02,31
192,2025-07-22,19
192,2026-11-20,38
193,2025-07-28,11
193,2026-11-18,118
193,2025-10-13,29
193,2025-08-01,117
193,2025-10-14,51
193,2025-11-20,77
193,2025-09-06,13
193,2026-05-06,77
193,2025-12-05,4
193,2026-02-14,60
193,2025-06-12,88
193,2025-10-06,116
193,2026-07-20,27
193,2026-01-13,29
193,2025-12-12,97
193,2025-07-04,108
194,2025-09-10,69
194,2026-01-06,20
194,2025-12-04,86
194,2025-09-19,31
194,2025-10-12,80
194,2025-12-20,63
194,2025-09-01,8
194,2025-10-23,75
194,2026-07-04,49
194,2025-10-27,44
194,2026-12-23,87
194,2026-12-16,9
195,2026-10-10,1
195,2026-10-20,104
195,2025-10-01,37
195,2026-12-26,28
195,2025-12-08,11
195,2026-11-21,60
195,2026-09-25,10
195,2026-06-13,38
195,2026-12-10,108
195,2025-11-01,101
195,2025-12-10,97
195,2026-04-22,79
195,2025-10-22,58
195,2026-07-14,92
195,2026-06-02,45
195,2025-12-16,83
196,2025-03-01,101
196,2025-09-03,106
196,2026-08-18,8
196,2026-11-03,103
196,2025-03-05,32
196,2025-11-04,51
196,2026-11-18,88
196,2026-01-13,81
196,2026-11-14,27
196,2026-04-05,20
196,2025-11-16,16
196,2026-10-05,10
196,2025-07-27,82
196,2026-11-17,48
196,2026-04-16,11
196,2025-05-28,20
196,2026-04-01,6
196,2025-12-08,59
197,2025-10-25,69
197,2025-04-23,90
197,2025-04-05,34
197,2026-06-20,85
197,2026-07-20,27
197,2025-08-25,69
197,2026-02-16,85
197,2025-11-16,53
197,2026-10-03,113
197,2026-04-17,18
197,2025-02-04,100
197,2026-11-28,4
197,2026-06-06,90
197,2026-07-10,24
197,2026-08-28,102
198,2026-02-26,19
198,2026-03-09,41
198,2026-04-26,117
198,2025-12-27,47
198,2026-06-25,50
198,2026-07-09,68
198,2026-09-10,76
198,2026-03-06,36
198,2026-12-12,107
198,2025-09-10,53
198,2025-11-01,53
198,2025-12-11,50
199,2025-12-27,87
199,2025-12-25,17
199,2026-07-23,64
199,2025-12-24,41
199,2025-12-19,100
199,2025-12-22,113
199,2026-03-03,17
199,2025-12-14,112
199,2026-01-06,19
199,2025-12-16,60
199,2025-12-12,64
199,2026-03-12,15
199,2026-12-21,7
199,2026-01-07,30
199,2025-12-10,58
200,2025-07-15,83
200,2025-04-19,90
200,2026-06-03,92
200,2026-08-13,99
200,2026-01-13,26
200,2026-11-08,86
200,2025-12-14,26
200,2025-05-03,18
200,2025-04-27,108
201,2026-09-09,17
201,2026-05-25,112
201,2025-05-25,28
201,2026-08-22,74
201,2026-01-26,66
201,2025-10-20,52
202,2025-12-07,49
202,2025-11-21,87
202,2026-10-10,115
202,2026-10-05,4
202,2026-07-09,73
202,2025-10-28,25
202,2025-11-20,48
202,2025-12-07,48
202,2025-12-28,1
202,2025-10-11,38
202,2026-02-16,45
202,2025-12-02,28
202,2025-11-09,82
202,2025-10-10,8
202,2026-04-03,45
202,2026-07-17,44
202,2025-12-07,107
202,2026-04-17,82
202,2025-11-17,83
202,2025-11-10,59
203,2026-09-02,26
203,2025-11-21,2
203,2025-08-17,120
203,2026-07-10,58
203,2025-09-27,105
203,2026-09-09,5
203,2025-11-02,20
203,2026-11-04,52
203,2025-09-23,14
203,2026-02-04,47
203,2026-07-26,67
203,2026-02-03,73
203,2026-07-15,46
203,2025-12-07,21
203,2026-02-16,112
204,2026-01-11,69
204,2025-11-07,33
204,2026-11-18,9
204,2026-07-11,57
204,2025-11-08,47
204,2025-10-19,84
205,2026-03-13,52
205,2025-07-15,116
205,2026-06-18,6
205,2025-12-11,70
205,2026-07-14,71
205,2026-10-28,27
205,2025-08-01,20
205,2026-04-06,116
205,2026-03-16,97
205,2026-07-19,72
206,2026-06-03,82
206,2026-12-23,8
206,2025-12-05,112
206,2026-05-14,14
206,2025-12-26,70
206,2026-04-01,69
206,2026-03-24,108
206,2025-12-25,107
206,2025-12-16,102
206,2026-08-15,118
206,2025-12-25,65
206,2026-03-11,17
207,2026-04-01,100
207,2025-03-15,117
207,2025-05-03,7
207,2025-07-05,25
207,2026-11-10,63
207,2025-03-12,95
207,2026-12-22,58
207,2026-02-25,80
207,2026-02-22,75
207,2026-02-13,47
207,2026-06-25,52
207,2026-08-14,38
207,2025-12-20,93
207,2026-09-28,31
207,2025-07-25,35
207,2025-03-20,92
207,2026-03-06,120
207,2026-03-22,49
207,2026-04-25,59
207,2025-05-05,108
208,2025-12-08,80
208,2025-12-01,47
208,2026-08-22,32
208,2026-01-25,15
208,2026-08-26,82
208,2025-11-11,5
208,2025-11-03,51
209,2026-01-01,65
209,2025-12-13,45
209,2025-12-28,60
209,2026-10-15,111
209,2025-12-11,37
209,2025-12-16,115
209,2025-12-04,37
209,2026-08-19,12
209,2026-07-08,115
210,2026-05-22,107
210,2025-10-01,113
210,2025-10-16,89
210,2025-12-14,55
210,2026-03-25,67
210,2025-11-13,69
210,2026-05-28,114
210,2025-12-16,86
210,2025-11-01,6
210,2025-12-24,87
210,2025-10-18,51
210,2025-10-10,86
210,2026-01-11,12
210,2025-12-25,44
210,2026-04-27,19
210,2026-02-13,84
210,2025-12-02,113
210,2025-10-11,116
211,2025-12-20,92
211,2025-09-03,117
211,2025-09-24,5
211,2025-10-03,71
211,2026-09-04,94
211,2025-11-28,106
211,2025-10-17,83
211,2025-11-23,36
211,2025-11-18,113
211,2025-09-20,95
211,2025-09-09,91
211,2025-12-14,55
211,2025-10-25,54
211,2026-03-18,118
211,2025-09-05,18
211,2026-09-03,45
211,2026-08-23,33
211,2026-01-28,45
212,2025-06-02,45
212,2025-08-01,111
212,2026-08-07,78
212,2026-10-17,38
212,2025-06-18,75
212,2025-09-05,86
212,2026-10-08,61
212,2026-12-28,46
212,2025-06-13,104
212,2026-07-16,89
212,2025-12-16,51
212,2025-08-14,119
213,2026-09-17,116
213,2026-01-03,94
213,2026-11-06,59
213,2026-03-19,21
213,2025-10-14,56
213,2026-09-27,89
213,2025-11-23,89
213,2025-10-21,51
213,2025-10-27,42
213,2025-08-18,118
213,2025-10-10,75
213,2025-09-19,69
214,2025-11-11,80
214,2026-08-15,20
214,2026-06-20,108
214,2026-07-10,4
214,2025-12-12,95
214,2025-11-01,119
214,2025-12-10,16
214,2026-02-25,50
215,2026-09-19,25
215,2025-09-19,111
215,2026-07-12,103
215,2025-12-18,57
215,2025-08-27,40
215,2026-01-02,112
215,2026-01-01,92
215,2025-10-09,77
215,2025-12-15,72
215,2026-06-21,60
215,2025-09-21,3
215,2025-12-07,3
215,2025-08-24,113
215,2025-10-21,2
215,2025-12-13,107
216,2026-05-06,74
216,2025-12-22,83
216,2026-03-06,21
216,2025-11-14,78
216,2025-11-21,72
216,2025-12-06,114
217,2025-11-21,26
217,2025-09-26,34
217,2025-11-21,91
217,2026-03-09,90
217,2026-06-08,61
217,2026-01-23,104
218,2026-12-03,104
218,2026-05-13,85
218,2026-07-22,100
218,2026-05-02,93
218,2026-09-16,101
218,2025-12-21,39
218,2026-06-08,33
218,2026-12-03,36
218,2026-11-14,115
218,2026-06-28,66
218,2025-12-17,26
218,2026-09-24,110
218,2025-12-21,71
218,2026-11-06,110
218,2026-08-07,56
219,2026-09-11,31
219,2025-02-28,85
219,2026-08-12,68
219,2026-01-17,116
219,2026-04-06,99
219,2026-10-18,28
219,2026-05-08,112
219,2026-10-23,44
219,2025-07-01,98
219,2026-06-26,8
219,2026-12-02,77
219,2025-10-09,52
219,2026-03-24,106
219,2025-02-15,26
219,2026-03-25,78
219,2025-11-02,90
219,2026-08-08,118
220,2025-12-09,82
220,2026-11-21,88
220,2025-11-18,119
220,2025-11-14,18
220,2026-09-12,15
220,2026-01-22,17
220,2025-12-11,3
220,2025-11-10,27
220,2026-04-03,18
220,2026-10-09,99
220,2025-11-25,63
220,2026-04-03,103
220,2025-11-05,31
220,2026-10-01,36
220,2025-12-12,24
220,2026-05-05,71
220,2026-11-13,116
220,2025-12-04,89
220,2025-12-16,29
220,2025-12-12,38
221,2025-08-21,97
221,2026-01-26,78
221,2025-10-08,42
221,2025-06-16,86
221,2026-06-27,46
221,2026-11-08,89
221,2026-12-02,119
221,2026-03-16,24
221,2025-09-15,26
221,2025-09-09,50
221,2025-12-05,109
221,2025-11-11,107
221,2026-06-14,93
221,2025-12-14,33
221,2025-07-25,55
222,2026-09-04,66
222,2026-07-06,2
222,2025-10-19,30
222,2025-10-08,3
222,2025-09-03,56
223,2025-08-11,5
223,2026-12-20,106
223,2025-06-22,91
223,2026-08-08,87
223,2025-06-25,28
223,2026-04-27,100
223,2025-08-17,45
223,2025-08-21,20
223,2025-06-12,78
223,2025-10-10,47
223,2025-06-18,23
223,2025-05-08,33
223,2025-11-12,99
223,2026-08-13,60
223,2025-05-04,92
223,2026-05-19,4
223,2026-11-09,25
223,2025-12-28,91
223,2025-08-08,56
223,2026-04-26,11
224,2025-12-16,62
224,2025-04-11,3
224,2026-03-22,75
224,2025-10-20,17
224,2026-06-26,9
224,2026-04-28,21
225,2026-03-22,79
225,2025-04-24,65
225,2026-04-27,80
225,2025-06-04,76
225,2025-10-19,116
225,2025-09-15,28
225,2026-07-25,62
225,2025-04-12,18
226,2026-01-15,83
226,2026-06-28,77
226,2025-07-28,26
226,2025-06-09,41
226,2025-02-26,23
226,2025-04-25,83
226,2026-12-26,67
226,2025-10-16,72
226,2025-05-24,40
226,2026-01-06,77
226,2026-09-13,58
226,2026-01-08,84
226,2025-06-01,78
226,2025-06-14,88
226,2026-11-12,39
226,2025-10-23,93
226,2025-05-26,55
226,2025-02-03,114
226,2025-10-22,17
227,2025-11-02,112
227,2026-02-08,32
227,2026-07-02,13
227,2026-03-05,1
227,2025-11-18,85
227,2025-12-26,31
227,2025-11-25,71
227,2025-11-25,87
227,2026-09-04,93
227,2026-04-14,108
227,2025-11-18,73
227,2025-12-08,95
227,2026-10-01,60
227,2026-11-16,55
227,2026-03-02,6
227,2025-12-05,11
227,2026-12-23,13
227,2025-12-01,59
227,2025-12-08,35
228,2025-12-04,24
228,2025-12-01,68
228,2026-02-25,15
228,2025-12-26,83
228,2026-06-09,120
228,2026-07-20,61
228,2025-12-12,44
228,2026-02-20,24
228,2026-07-16,11
228,2025-12-15,94
228,2025-12-25,19
228,2026-04-19,46
228,2026-02-05,95
228,2026-07-25,57
228,2025-12-12,47
228,2026-04-15,13
229,2026-12-10,106
229,2025-09-24,18
229,2025-10-22,49
229,2025-10-10,101
229,2026-07-06,64
229,2026-04-24,28
229,2025-10-22,15
229,2025-11-14,100
229,2025-10-06,81
229,2025-10-06,38
229,2025-08-20,51
230,2025-09-09,62
230,2025-07-13,41
230,2026-09-19,50
230,2026-01-07,49
230,2025-03-01,36
230,2025-10-22,78
230,2025-09-24,30
230,2025-08-19,24
230,2025-12-04,85
230,2025-10-02,50
230,2026-10-08,36
230,2025-03-09,7
230,2026-12-22,19
230,2025-04-18,58
230,2025-05-17,21
230,2026-08-04,67
230,2025-03-03,69
230,2025-10-23,75
231,2025-08-11,87
231,2026-09-20,94
231,2026-10-16,115
231,2026-10-20,58
231,2025-06-06,120
231,2025-02-16,16
231,2025-05-18,110
231,2026-06-14,46
231,2025-09-20,69
231,2025-01-14,10
231,2026-04-21,103
231,2026-07-28,32
231,2025-07-07,107
231,2025-03-20,60
231,2026-06-15,105
231,2025-12-28,97
231,2026-02-14,77
232,2026-04-16,117
232,2025-03-19,108
232,2025-10-28,89
232,2025-08-17,22
232,2025-03-25,27
232,2025-09-03,55
232,2026-06-07,102
232,2025-03-13,29
232,2025-08-04,103
232,2025-03-16,79
232,2026-05-19,5
232,2025-06-23,78
232,2025-05-16,87
232,2025-11-12,96
233,2026-09-25,43
233,2025-09-23,54
233,2025-12-25,107
233,2025-06-16,109
233,2026-12-07,78
233,2025-06-11,100
233,2026-02-15,104
233,2026-02-27,77
233,2025-09-18,113
233,2025-08-27,64
233,2026-03-04,105
233,2025-07-13,104
233,2025-05-23,70
233,2026-04-19,77
234,2026-05-04,106
234,2025-12-11,30
234,2025-12-13,28
234,2025-12-01,115
234,2026-10-13,67
234,2026-10-02,84
234,2026-12-22,40
234,2026-10-18,60
234,2025-12-24,5
234,2025-12-15,62
234,2025-12-21,98
234,2025-12-13,66
234,2025-12-07,28
235,2025-07-15,4
235,2026-12-05,16
235,2026-11-08,91
235,2026-01-23,118
235,2025-05-05,84
235,2025-11-06,95
235,2026-02-23,79
235,2025-01-14,87
235,2025-03-24,31
235,2026-06-10,116
235,2025-02-18,13
235,2026-05-09,22
235,2026-09-28,110
235,2026-03-22,86
235,2025-03-23,36
235,2025-06-01,90
235,2026-08-14,45
235,2025-02-22,95
235,2026-11-03,44
235,2026-05-01,79
236,2025-06-16,45
236,2025-11-18,80
236,2025-05-15,5
236,2026-05-27,82
236,2025-06-27,42
236,2025-12-21,80
236,2025-10-27,23
236,2026-02-22,116
236,2025-02-21,26
236,2026-07-11,79
236,2026-03-24,74
236,2025-02-21,23
236,2025-09-13,92
236,2026-07-19,85
237,2025-09-19,45
237,2025-09-18,50
237,2025-12-09,12
237,2025-12-26,97
237,2025-12-22,3
237,2025-10-05,36
237,2025-10-01,49
237,2026-11-06,66
237,2025-10-14,25
237,2025-10-22,67
237,2025-09-09,27
237,2026-06-04,95
237,2026-07-20,33
237,2025-12-14,100
237,2026-05-06,37
237,2025-12-06,50
237,2025-12-11,44
237,2025-11-09,27
238,2025-11-06,98
238,2026-10-09,113
238,2026-11-28,2
238,2025-12-26,116
238,2026-05-11,27
238,2026-10-04,108
238,2026-07-11,6
238,2026-08-04,103
238,2025-09-02,98
238,2026-05-05,71
238,2026-04-09,37
238,2026-11-13,67
238,2026-07-15,76
238,2026-08-01,53
238,2025-12-23,110
239,2026-10-02,11
239,2026-10-15,117
239,2025-08-01,98
239,2025-12-09,102
239,2026-02-11,51
240,2026-07-14,94
240,2026-01-21,44
240,2025-12-01,88
240,2025-12-16,85
240,2026-05-19,114
240,2025-12-10,89
240,2025-12-20,114
240,2026-10-17,42
240,2025-12-11,98
240,2025-12-26,53
240,2026-12-19,102
240,2025-12-11,40
240,2025-12-27,92
240,2026-03-26,72
240,2026-02-16,107
240,2025-12-26,58
240,2025-12-02,109
240,2025-12-02,111
240,2025-12-28,91
240,2026-07-24,23
241,2026-09-26,10
241,2026-04-17,83
241,2026-10-08,98
241,2026-09-28,7
241,2026-04-11,66
241,2026-04-01,93
241,2025-09-25,11
241,2025-12-18,74
241,2026-10-11,11
241,2025-09-25,38
241,2026-03-28,116
241,2026-08-12,68
241,2026-08-02,115
241,2025-12-11,54
241,2025-09-07,96
241,2026-04-09,39
241,2026-04-21,77
242,2026-09-25,77
242,2026-12-24,92
242,2025-12-04,69
242,2025-12-07,29
242,2026-08-22,54
242,2025-12-23,108
242,2025-12-08,108
242,2025-12-10,36
242,2026-08-15,114
242,2026-03-22,53
242,2025-12-08,51
242,2026-09-11,90
242,2025-12-27,64
243,2026-06-20,35
243,2026-11-08,37
243,2026-03-19,46
243,2025-11-24,59
243,2026-01-25,101
243,2025-11-13,60
243,2026-09-16,37
243,2025-10-28,20
243,2025-11-14,60
243,2026-02-10,77
243,2026-06-07,39
243,2025-08-11,97
243,2026-04-21,100
244,2025-04-26,5
244,2025-08-24,5
244,2026-06-13,46
244,2025-07-24,38
244,2026-06-08,68
244,2026-11-22,55
244,2026-04-11,24
244,2025-06-14,56
244,2025-04-28,5
244,2026-08-01,110
244,2025-05-02,95
245,2026-10-25,86
245,2026-07-03,11
245,2026-06-03,12
245,2025-10-17,28
245,2026-05-13,55
245,2025-09-24,40
245,2026-08-14,119
245,2025-11-17,63
245,2025-09-24,60
245,2026-07-22,84
245,2026-09-05,91
245,2025-10-23,18
246,2026-06-20,76
246,2026-01-17,83
246,2025-11-23,22
246,2025-10-01,94
246,2025-10-16,55
246,2026-01-11,36
246,2026-11-08,80
246,2026-03-05,9
246,2026-01-12,9
246,2025-09-18,50
246,2026-01-10,63
246,2026-08-28,32
246,2025-09-09,59
246,2026-03-09,59
246,2026-05-27,17
246,2025-10-11,78
247,2026-02-01,120
247,2025-07-26,65
247,2026-11-08,108
247,2026-02-18,118
247,2026-07-10,119
247,2026-08-10,13
247,2025-05-07,118
247,2026-02-17,87
247,2025-04-05,46
247,2026-04-09,116
247,2026-06-18,105
247,2025-09-07,80
247,2026-11-06,89
248,2026-09-20,42
248,2026-10-26,80
248,2025-11-17,39
248,2025-04-18,49
248,2026-06-26,67
248,2025-08-15,45
248,2025-05-18,27
248,2025-11-08,40
249,2025-04-07,69
249,2025-08-28,50
249,2025-08-05,91
249,2025-08-06,14
249,2026-10-15,96
249,2025-04-27,76
249,2025-06-03,66
250,2025-09-07,38
250,2025-06-10,93
250,2026-02-07,32
250,2025-08-21,46
250,2026-04-28,7
250,2025-08-08,5
250,2025-06-26,40
250,2026-01-15,57
250,2025-11-23,13
250,2025-10-24,53
250,2026-10-18,39
250,2026-06-15,53
250,2026-04-24,103
250,2026-06-10,16
250,2025-10-19,13
251,2026-10-28,116
251,2026-06-05,8
251,2026-05-22,11
251,2025-03-14,14
251,2026-11-13,89
251,2025-03-02,115
251,2025-05-22,33
251,2025-04-13,69
251,2025-09-27,65
252,2025-12-03,82
252,2026-06-21,52
252,2025-12-26,49
252,2026-03-01,68
252,2025-12-09,64
252,2025-12-01,2
252,2026-10-08,18
252,2026-08-05,98
252,2025-11-21,59
253,2025-12-05,4
253,2025-12-28,35
253,2026-10-16,95
253,2025-12-26,25
253,2026-02-05,79
253,2026-02-10,43
254,2025-09-22,66
254,2025-12-05,117
254,2026-01-26,49
254,2025-09-18,4
254,2025-08-09,2
254,2026-06-28,39
254,2026-05-15,103
254,2026-12-20,44
254,2025-12-19,3
254,2026-02-21,65
255,2026-07-23,34
255,2025-09-04,116
255,2026-06-21,108
255,2026-07-26,18
255,2025-12-17,66
255,2026-12-13,45
255,2026-12-20,80
255,2025-09-07,50
255,2025-12-21,17
255,2025-09-03,13
255,2025-12-01,119
255,2026-08-27,76
255,2026-11-25,58
255,2025-09-07,66
255,2025-10-11,16
256,2026-12-08,72
256,2025-12-19,38
256,2026-02-19,92
256,2025-05-15,104
256,2025-06-08,40
256,2026-03-18,31
256,2026-02-24,53
256,2026-04-21,8
256,2026-12-08,17
256,2026-08-01,104
256,2026-09-25,67
256,2026-11-17,96
256,2026-06-13,89
257,2025-09-25,85
257,2025-08-17,116
257,2025-12-18,116
257,2025-07-17,28
257,2025-08-12,27
257,2025-10-17,66
257,2026-07-18,94
257,2026-11-27,55
257,2026-07-21,64
258,2026-05-11,103
258,2025-12-09,94
258,2026-10-11,107
258,2026-06-05,11
258,2025-12-21,26
259,2026-06-12,88
259,2026-10-21,21
259,2026-05-18,91
259,2026-05-03,88
259,2025-12-21,38
259,2026-11-06,55
259,2026-06-25,16
260,2026-07-09,43
260,2025-05-20,53
260,2026-06-03,99
260,2026-11-14,40
260,2025-10-13,57
260,2026-04-24,2
260,2025-10-07,45
260,2025-01-27,15
261,2025-07-03,98
261,2026-10-16,84
261,2025-08-09,19
261,2025-11-09,98
261,2025-09-25,85
261,2025-10-13,53
261,2025-11-21,67
261,2026-07-21,89
261,2025-07-26,82
261,2025-09-01,102
261,2025-08-10,71
261,2025-07-27,110
261,2026-04-15,96
261,2025-09-26,113
261,2026-07-24,63
261,2025-09-11,34
261,2026-07-01,45
262,2025-12-02,79
262,2026-08-28,35
262,2026-11-23,18
262,2026-03-02,81
262,2026-12-07,51
262,2026-10-19,9
262,2025-10-23,68
262,2026-07-15,95
262,2025-11-24,6
262,2025-09-12,42
262,2025-10-28,3
262,2026-08-11,112
263,2025-09-06,50
263,2025-12-09,28
263,2026-07-16,83
263,2026-05-24,51
263,2025-12-18,79
263,2025-12-27,44
263,2025-09-20,65
263,2025-12-16,48
263,2026-02-05,74
263,2026-05-04,102
263,2026-10-25,22
263,2026-04-22,13
263,2026-05-20,70
263,2025-10-17,100
263,2026-11-19,61
264,2026-08-14,45
264,2026-06-19,115
264,2025-11-01,47
264,2026-05-24,79
264,2026-11-26,91
264,2025-08-08,99
264,2026-09-16,85
264,2026-02-11,111
264,2026-10-06,19
264,2025-08-25,79
264,2025-11-13,89
264,2025-08-28,15
264,2026-04-12,76
265,2026-02-02,85
265,2025-06-04,43
265,2026-08-15,110
265,2025-09-20,34
265,2025-06-27,115
265,2026-12-18,62
265,2025-07-12,47
265,2026-09-11,52
265,2026-02-08,44
265,2026-11-24,82
265,2026-05-04,51
265,2026-11-12,60
265,2025-10-05,31
265,2025-10-12,45
265,2025-10-16,96
265,2026-08-12,119
265,2025-11-13,6
265,2025-09-21,82
265,2025-08-14,22
266,2025-12-24,84
266,2026-08-01,39
266,2025-08-04,33
266,2026-10-15,82
266,2025-05-24,64
266,2026-12-26,104
266,2025-05-04,72
266,2026-12-11,74
266,2026-01-17,92
266,2025-08-10,48
266,2026-01-04,60
266,2025-04-20,106
267,2025-11-03,59
267,2026-10-22,4
267,2025-11-15,96
267,2025-12-15,74
267,2026-10-02,63
267,2026-12-20,23
267,2026-06-22,13
267,2026-12-05,15
267,2026-10-26,100
267,2025-12-15,52
267,2025-12-07,102
267,2026-08-08,48
267,2026-12-17,77
267,2026-01-16,8
267,2026-03-05,69
267,2025-12-25,11
267,2025-11-26,45
268,2025-11-01,10
268,2026-04-02,78
268,2026-05-06,64
268,2026-10-08,56
268,2026-11-08,41
268,2026-12-25,94
268,2026-08-25,105
268,2025-12-09,67
269,2025-08-22,7
269,2026-11-24,30
269,2026-11-14,108
269,2026-09-27,20
269,2026-01-17,23
270,2025-12-08,115
270,2026-10-09,91
270,2025-10-17,111
270,2026-07-19,14
270,2025-10-22,17
270,2025-10-03,34
270,2025-11-28,21
270,2026-02-04,75
270,2026-11-18,73
270,2025-11-26,80
270,2026-07-25,98
270,2026-08-09,81
270,2026-07-12,90
270,2025-10-12,88
270,2026-05-10,119
271,2025-12-04,103
271,2026-02-07,49
271,2026-04-17,3
271,2026-03-02,27
271,2025-12-19,28
271,2026-12-14,66
271,2026-02-18,100
272,2026-02-09,49
272,2025-03-01,10
272,2026-11-17,32
272,2025-04-11,35
272,2025-02-04,24
272,2026-03-18,27
272,2026-01-07,1
272,2026-07-10,60
272,2026-01-24,74
272,2025-07-22,86
272,2026-07-04,70
272,2025-08-13,19
272,2026-01-16,54
273,2025-12-14,24
273,2025-10-05,6
273,2026-09-17,109
273,2026-09-02,85
273,2026-02-17,50
273,2025-07-08,114
273,2025-10-28,39
273,2026-07-09,79
273,2026-08-10,14
273,2025-10-02,42
273,2025-11-22,3
273,2026-05-26,103
273,2025-11-24,91
273,2026-11-01,30
273,2026-03-11,105
273,2025-12-20,58
273,2025-07-18,9
273,2026-09-19,13
273,2025-10-18,19
273,2026-08-01,60
274,2025-04-11,119
274,2025-04-20,32
274,2026-12-05,100
274,2026-03-13,102
274,2025-05-06,15
274,2026-10-24,119
274,2025-11-23,66
274,2026-06-26,36
274,2025-05-28,108
274,2025-06-25,48
274,2025-11-27,39
274,2025-12-21,11
274,2025-09-12,58
275,2026-02-16,40
275,2026-05-13,74
275,2025-12-23,45
275,2025-07-06,95
275,2025-09-02,117
275,2025-08-18,32
275,2025-07-19,43
275,2026-09-21,75
275,2026-10-19,2
275,2025-09-26,98
275,2026-02-16,119
275,2026-02-28,63
276,2025-08-12,53
276,2026-01-19,39
276,2025-09-09,117
276,2026-01-11,12
276,2026-05-18,104
277,2026-04-08,58
277,2026-09-09,15
277,2026-07-15,60
277,2026-01-01,50
277,2026-04-10,42
277,2026-11-21,86
277,2025-07-21,98
277,2026-04-02,30
277,2025-08-09,75
277,2026-12-27,93
277,2026-06-25,64
277,2026-06-04,100
278,2026-09-09,115
278,2025-11-10,90
278,2026-12-26,28
278,2025-11-03,45
278,2026-01-28,44
279,2025-11-02,59
279,2026-10-23,114
279,2026-08-14,107
279,2025-08-04,7
279,2026-10-16,51
279,2026-08-12,38
279,2026-07-11,60
279,2025-12-19,102
279,2026-03-06,50
279,2025-10-17,44
279,2026-11-01,98
279,2025-12-01,78
279,2026-11-13,68
279,2026-12-14,2
280,2026-12-19,94
280,2025-12-03,28
280,2025-12-26,71
280,2026-01-20,99
280,2026-08-15,57
280,2026-08-02,97
280,2025-12-05,49
280,2025-12-15,76
280,2025-12-03,86
280,2025-09-15,98
280,2025-11-04,17
280,2026-03-06,85
280,2025-12-18,116
280,2025-11-07,21
280,2025-10-22,100
280,2025-09-26,19
280,2025-10-09,36
280,2026-01-26,52
281,2026-10-09,91
281,2025-04-13,79
281,2026-11-05,25
281,2026-08-18,113
281,2026-06-25,18
282,2025-11-17,44
282,2025-12-23,107
282,2025-11-26,49
282,2026-05-17,114
282,2026-05-18,62
282,2026-04-04,15
282,2025-12-06,47
282,2026-05-05,68
282,2025-12-08,57
282,2026-05-05,47
282,2026-01-16,72
282,2026-09-17,82
282,2026-09-13,4
282,2025-11-08,93
283,2025-02-08,114
283,2025-08-02,116
283,2025-10-23,116
283,2026-09-13,54
283,2025-10-25,74
283,2025-09-26,61
283,2026-03-17,64
283,2025-12-03,33
283,2025-05-19,47
284,2025-10-27,15
284,2026-11-19,51
284,2026-05-04,55
284,2025-04-07,98
284,2025-09-18,65
284,2025-08-01,3
284,2026-02-23,6
284,2025-09-16,40
284,2026-11-03,20
284,2025-03-22,21
284,2025-02-24,114
284,2026-06-10,47
284,2026-02-13,36
284,2026-10-05,85
284,2025-01-28,114
284,2026-07-14,17
284,2026-06-21,95
284,2025-02-12,22
285,2026-05-09,22
285,2025-07-28,93
285,2026-01-16,69
285,2026-05-24,70
285,2025-07-01,74
285,2026-09-16,19
285,2025-12-07,51
285,2025-10-02,102
285,2025-08-11,58
285,2025-07-05,52
285,2026-02-09,95
285,2026-09-23,13
285,2026-01-04,47
285,2025-05-19,56
285,2026-10-28,62
285,2025-04-20,17
285,2026-02-19,17
286,2025-11-18,93
286,2026-03-08,30
286,2025-12-27,1
286,2026-10-21,109
286,2025-12-19,44
286,2025-11-11,69
287,2026-02-03,55
287,2025-11-03,37
287,2025-04-26,60
287,2026-08-10,90
287,2025-08-06,39
287,2026-04-19,53
287,2025-10-05,45
287,2025-12-18,31
287,2025-06-10,84
287,2026-12-15,31
287,2026-12-26,60
287,2026-03-25,34
287,2026-04-21,40
287,2025-09-28,39
287,2026-09-16,22
287,2026-06-16,15
288,2026-12-28,40
288,2025-05-27,21
288,2025-08-09,119
288,2025-09-05,38
288,2026-10-28,54
288,2025-05-24,7
288,2026-01-20,9
288,2026-12-12,62
288,2025-12-14,17
288,2026-03-13,49
288,2025-07-12,34
288,2025-05-08,53
288,2025-05-20,98
288,2025-09-27,81
288,2025-06-22,43
289,2026-04-04,91
289,2025-10-06,105
289,2025-09-10,117
289,2025-07-16,111
289,2026-07-19,101
289,2025-03-21,9
289,2026-03-20,103
289,2025-06-11,79
289,2026-08-26,40
290,2025-12-27,102
290,2026-10-14,88
290,2026-12-16,101
290,2026-02-12,32
290,2025-12-06,56
290,2025-12-15,94
290,2025-12-11,2
290,2025-12-05,78
290,2025-12-23,82
290,2025-12-10,108
291,2026-02-28,108
291,2026-05-05,58
291,2026-04-27,95
291,2026-06-09,85
291,2025-07-06,83
291,2025-04-13,80
291,2026-10-05,93
291,2025-09-15,47
291,2026-10-08,80
291,2025-07-08,88
291,2026-10-01,36
291,2026-04-24,100
291,2025-08-06,66
291,2026-09-23,29
291,2026-08-07,32
291,2025-06-08,3
291,2026-04-09,44
291,2025-06-02,24
291,2025-09-10,13
292,2025-11-25,61
292,2026-01-21,73
292,2026-04-23,105
292,2026-03-02,31
292,2025-11-02,42
292,2025-11-02,17
292,2025-10-11,13
292,2025-11-23,12
292,2026-06-11,69
292,2026-01-26,76
293,2025-11-05,20
293,2026-06-13,40
293,2025-10-19,80
293,2025-11-27,48
293,2025-10-11,30
293,2025-11-25,67
293,2025-12-03,109
293,2025-12-12,116
293,2025-11-23,96
293,2025-12-23,40
293,2026-02-20,92
293,2026-02-11,89
293,2026-06-12,64
294,2026-07-26,30
294,2025-11-21,84
294,2025-09-14,32
294,2025-10-04,96
294,2026-03-28,110
294,2025-12-22,112
294,2026-12-14,31
294,2026-03-01,112
295,2026-07-03,41
295,2025-06-05,8
295,2026-10-18,85
295,2026-09-26,46
295,2026-10-15,59
296,2026-04-22,28
296,2026-01-17,6
296,2025-11-02,11
296,2026-07-24,13
296,2025-11-20,20
296,2026-09-17,65
296,2025-11-02,36
297,2025-12-08,72
297,2025-12-17,61
297,2026-02-17,105
297,2026-07-20,6
297,2026-11-02,85
297,2026-06-13,98
297,2025-12-16,23
297,2025-12-16,20
297,2026-03-27,1
297,2025-12-15,20
297,2025-12-07,46
297,2026-05-01,60
297,2025-12-18,29
297,2025-12-20,57
297,2026-02-21,33
297,2026-05-20,71
297,2025-12-15,115
298,2026-07-16,34
298,2025-12-13,68
298,2026-08-12,9
298,2026-08-04,11
298,2026-05-12,56
298,2025-12-22,78
298,2026-07-07,39
299,2025-10-02,118
299,2026-04-19,120
299,2025-02-24,5
299,2025-07-17,107
299,2026-07-11,98
299,2025-05-25,61
299,2026-08-26,31
299,2025-12-07,13
299,2026-08-23,72
299,2026-02-19,101
299,2025-08-04,48
299,2026-09-16,87
300,2025-02-05,34
300,2025-03-12,105
300,2026-06-11,4
300,2025-06-10,76
300,2025-09-24,93
300,2025-11-19,76
300,2025-10-28,64
300,2026-11-15,31
300,2026-03-10,49
301,2026-04-01,26
301,2026-04-17,29
301,2025-07-01,75
301,2025-09-08,41
301,2025-11-10,80
301,2025-07-16,89
301,2026-02-15,73
301,2026-06-09,53
302,2025-10-20,64
302,2025-07-04,67
302,2026-03-05,44
302,2025-09-25,42
302,2026-01-01,22
302,2025-05-02,17
302,2025-06-02,48
302,2026-12-15,58
302,2025-04-12,11
302,2026-09-19,95
302,2025-06-04,119
302,2025-10-01,44
302,2025-08-13,56
302,2025-10-26,15
302,2025-05-19,17
302,2026-09-18,38
302,2026-08-21,79
303,2026-04-14,11
303,2026-03-16,51
303,2026-09-26,104
303,2026-05-10,20
303,2025-07-06,103
303,2026-12-18,20
304,2026-04-24,10
304,2025-11-08,60
304,2025-10-12,6
304,2025-08-27,107
304,2025-12-02,90
304,2025-11-22,49
304,2025-10-26,16
304,2025-12-14,1
304,2026-02-01,34
304,2026-02-28,65
304,2025-08-27,75
304,2025-10-28,49
304,2025-10-24,63
305,2025-08-03,6
305,2025-08-03,36
305,2025-07-25,9
305,2025-06-28,110
305,2025-08-01,44
305,2025-11-23,30
305,2025-08-21,15
305,2026-10-22,1
305,2026-05-15,5
305,2026-07-01,74
305,2026-01-26,116
305,2026-08-04,38
305,2026-09-07,9
305,2025-07-04,34
305,2026-07-09,41
305,2026-03-25,20
305,2026-06-22,61
305,2026-01-15,93
306,2025-12-07,110
306,2026-05-09,80
306,2026-01-20,30
306,2025-12-23,30
306,2026-12-20,37
306,2025-12-27,81
306,2026-05-03,1
306,2026-01-08,22
306,2026-08-12,30
306,2025-12-12,63
306,2026-04-03,88
306,2025-12-01,69
306,2026-11-11,38
307,2025-05-11,29
307,2026-01-13,120
307,2026-01-02,36
307,2026-05-17,52
307,2026-10-10,113
307,2026-11-21,75
307,2026-09-09,67
307,2025-10-01,115
307,2025-09-26,14
307,2025-03-15,103
307,2026-01-25,10
307,2026-08-25,111
307,2025-10-11,74
307,2026-10-07,104
307,2025-03-15,68
307,2025-04-03,57
307,2025-12-23,98
307,2026-01-02,36
308,2025-11-09,37
308,2026-02-26,46
308,2026-10-14,58
308,2026-04-08,30
308,2026-11-19,94
309,2026-06-06,30
309,2025-12-25,88
309,2025-10-24,30
309,2026-04-01,113
309,2025-11-20,89
309,2025-12-21,52
309,2026-04-24,50
309,2025-12-21,107
309,2026-04-04,59
309,2025-11-25,55
309,2025-11-17,64
309,2025-10-26,96
309,2026-09-13,110
309,2026-11-08,107
309,2025-12-22,104
309,2026-09-15,85
309,2025-11-23,11
309,2025-11-19,26
310,2026-10-13,57
310,2025-11-01,47
310,2026-09-21,13
310,2026-04-27,41
310,2026-10-05,16
310,2025-11-05,44
310,2025-11-23,104
310,2025-10-25,34
311,2026-07-07,105
311,2026-01-04,38
311,2026-06-16,1
311,2025-12-09,85
311,2025-12-23,108
311,2025-12-13,96
311,2025-12-11,17
311,2025-12-01,80
311,2025-12-02,1
311,2025-12-26,102
311,2025-12-03,105
311,2026-07-03,54
311,2025-12-07,72
311,2026-05-25,96
311,2025-12-03,110
311,2025-12-02,87
311,2025-12-17,110
312,2026-10-20,7
312,2026-08-05,26
312,2025-06-02,34
312,2026-09-04,64
312,2026-11-08,81
312,2026-06-11,93
312,2026-02-20,18
312,2025-06-25,68
312,2025-07-01,53
312,2025-12-03,68
312,2026-05-04,62
312,2026-02-21,81
312,2025-12-01,20
312,2025-09-09,98
313,2026-10-08,55
313,2025-07-21,79
313,2025-08-28,60
313,2026-05-01,108
313,2025-04-08,101
313,2025-11-24,30
313,2025-07-05,101
313,2025-12-26,52
314,2025-06-13,114
314,2025-11-19,34
314,2026-03-06,41
314,2025-10-25,33
314,2026-05-22,67
314,2026-04-26,118
314,2026-12-24,70
314,2026-09-04,112
314,2025-05-10,101
314,2025-07-02,55
314,2026-01-20,91
314,2025-09-18,64
314,2026-02-27,43
314,2026-12-12,77
314,2025-10-23,114
314,2025-11-17,62
314,2025-06-12,74
314,2025-06-01,92
314,2026-07-08,60
315,2025-11-06,114
315,2026-07-24,3
315,2025-10-07,42
315,2026-02-18,102
315,2025-10-20,41
315,2026-11-20,76
315,2026-08-25,30
315,2026-10-07,78
315,2026-08-28,75
315,2026-06-03,73
316,2026-12-15,35
316,2025-07-03,62
316,2025-10-15,2
316,2025-12-17,55
316,2025-09-13,84
316,2026-07-04,14
316,2025-09-18,38
316,2025-08-07,4
316,2025-11-02,47
317,2025-08-24,66
317,2025-12-06,81
317,2026-11-18,18
317,2026-04-27,111
317,2025-08-02,114
317,2026-11-23,67
317,2025-08-06,82
317,2026-04-23,55
317,2026-05-18,45
317,2025-09-01,61
317,2025-08-03,79
317,2026-01-18,38
317,2025-12-16,33
317,2025-11-22,92
317,2025-11-20,90
317,2026-04-21,51
317,2026-02-06,80
318,2026-06-03,88
318,2025-03-12,114
318,2025-03-17,15
318,2026-12-18,99
318,2026-12-05,17
318,2026-03-07,89
318,2025-03-07,54
318,2025-10-05,17
318,2025-08-02,20
318,2025-03-23,116
318,2025-07-22,19
318,2026-04-15,43
318,2025-12-04,56
318,2025-11-01,111
318,2025-09-23,51
319,2025-09-27,116
319,2026-10-13,108
319,2026-12-22,40
319,2025-07-07,110
319,2025-08-12,36
319,2026-02-01,50
319,2025-09-13,34
319,2026-01-01,88
319,2026-05-26,95
319,2026-09-01,13
319,2026-12-21,13
319,2026-07-10,19
320,2025-10-01,76
320,2025-08-04,16
320,2026-01-11,105
320,2025-11-20,104
320,2026-10-19,91
320,2026-02-24,93
320,2025-06-11,108
320,2025-11-11,48
320,2025-11-08,90
320,2025-07-22,102
320,2025-08-17,108
320,2025-09-21,57
320,2026-04-12,118
320,2026-12-02,90
320,2026-08-13,23
320,2026-12-28,87
320,2025-10-12,6
320,2025-06-04,118
321,2025-12-11,65
321,2026-03-15,58
321,2025-12-02,29
321,2025-12-09,69
321,2025-12-01,33
321,2026-09-26,65
321,2025-12-04,108
321,2026-02-26,114
321,2026-03-06,78
321,2025-12-23,43
321,2026-11-24,47
321,2025-12-11,95
321,2026-10-14,57
321,2026-08-16,77
321,2025-12-22,25
322,2025-01-23,40
322,2026-08-14,19
322,2026-05-11,99
322,2025-02-13,1
322,2026-09-19,60
322,2025-02-12,85
322,2025-03-04,100
322,2025-04-13,91
322,2026-01-01,118
322,2025-05-15,56
322,2025-03-22,65
322,2025-01-22,118
322,2026-05-13,116
322,2025-12-04,96
322,2025-12-27,74
322,2026-10-28,109
322,2025-08-04,82
322,2026-12-13,120
322,2025-04-07,67
323,2026-03-17,47
323,2026-09-21,14
323,2026-04-19,60
323,2026-12-08,7
323,2025-12-01,61
323,2025-09-19,37
323,2026-05-11,60
323,2026-05-09,15
323,2025-09-13,75
323,2025-08-05,50
323,2026-05-21,30
323,2026-08-27,46
323,2025-08-01,120
323,2026-04-11,75
323,2025-11-17,43
323,2025-09-26,78
323,2026-06-17,110
323,2026-08-17,97
323,2025-12-16,43
323,2026-11-26,71
324,2026-08-17,40
324,2025-09-22,5
324,2026-12-07,8
324,2026-11-22,13
324,2026-08-13,13
324,2025-09-22,4
324,2025-10-17,69
325,2026-10-06,20
325,2025-07-23,92
325,2026-05-01,31
325,2025-10-19,76
325,2026-03-18,43
325,2025-06-08,12
325,2025-10-11,26
325,2025-11-08,41
325,2026-02-10,80
325,2026-03-09,77
325,2025-07-05,17
326,2026-08-16,10
326,2026-07-26,79
326,2026-01-19,32
326,2026-06-12,45
326,2026-01-05,5
326,2025-12-04,61
326,2026-02-07,54
326,2026-05-26,47
326,2026-08-26,51
326,2025-11-04,71
326,2025-11-21,19
326,2026-11-24,97
327,2026-06-01,57
327,2026-02-05,22
327,2025-12-21,31
327,2025-10-13,38
327,2026-07-18,89
328,2025-12-01,120
328,2026-06-12,42
328,2026-10-11,7
328,2025-08-07,91
328,2026-07-01,64
328,2026-08-25,69
328,2026-04-08,83
328,2025-09-14,110
328,2025-11-24,77
328,2025-06-22,106
328,2026-01-01,67
328,2025-05-13,73
328,2026-12-22,105
328,2025-08-19,3
328,2025-12-06,20
328,2025-11-15,48
329,2025-10-04,59
329,2025-10-21,118
329,2026-01-24,9
329,2026-11-04,23
329,2025-07-07,75
329,2025-09-10,79
329,2025-10-14,77
329,2026-03-04,49
329,2025-12-03,71
329,2025-12-08,97
329,2025-11-24,82
329,2025-12-20,21
329,2026-11-20,19
329,2025-07-28,44
329,2025-07-16,11
330,2025-11-02,111
330,2025-07-05,66
330,2025-12-15,96
330,2026-03-15,100
330,2025-10-10,80
330,2026-08-24,70
330,2026-03-18,120
330,2025-05-13,25
330,2025-07-23,85
330,2025-06-06,54
331,2026-05-14,91
331,2026-06-17,75
331,2026-03-24,113
331,2026-08-14,2
331,2026-12-27,3
331,2026-05-15,20
332,2026-03-12,60
332,2025-12-18,60
332,2026-08-16,71
332,2026-01-15,1
332,2026-07-11,62
332,2026-08-25,112
332,2025-12-03,19
332,2026-03-18,40
332,2025-12-17,8
332,2025-10-13,88
332,2025-12-09,16
332,2026-01-01,44
332,2025-12-03,83
333,2025-12-13,94
333,2026-09-17,2
333,2025-12-23,108
333,2026-07-10,61
333,2026-11-03,19
333,2026-10-17,25
333,2025-12-25,98
333,2026-03-18,88
333,2026-04-12,87
333,2026-02-27,52
333,2025-12-19,78
333,2025-12-18,3
333,2026-01-23,16
333,2026-01-23,66
333,2026-08-28,115
333,2025-12-06,6
333,2026-08-21,14
333,2025-12-27,37
334,2026-04-08,55
334,2026-12-15,77
334,2026-08-23,20
334,2026-07-03,86
334,2025-08-03,12
334,2025-12-19,119
335,2025-12-02,105
335,2025-12-18,95
335,2026-01-24,23
335,2025-10-02,20
335,2026-11-10,73
336,2025-07-23,88
336,2025-04-03,2
336,2025-11-12,116
336,2026-05-21,59
336,2026-11-08,112
336,2026-06-20,111
336,2026-12-10,33
336,2025-09-05,50
336,2026-11-21,22
336,2025-08-03,52
336,2026-02-12,100
336,2025-11-10,6
336,2026-02-07,31
336,2026-10-25,30
336,2026-07-26,97
336,2026-12-19,99
336,2026-07-18,15
336,2026-01-27,68
336,2026-06-16,99
336,2025-11-10,77
337,2026-09-10,79
337,2026-09-17,11
337,2026-05-19,79
337,2025-12-02,28
337,2026-09-13,22
337,2026-12-02,87
338,2026-05-09,43
338,2025-12-07,24
338,2026-06-25,32
338,2026-03-15,95
338,2025-12-04,12
338,2025-12-26,89
338,2025-12-14,87
338,2026-09-20,71
338,2026-10-08,105
338,2025-12-08,46
338,2026-02-17,86
338,2025-12-27,85
338,2026-12-23,26
338,2026-12-28,69
338,2025-12-05,19
338,2026-05-05,45
339,2025-12-11,109
339,2026-05-18,106
339,2025-12-26,71
339,2025-12-03,110
339,2026-08-22,33
339,2026-08-10,50
339,2025-12-06,75
339,2025-12-04,62
339,2026-11-16,102
339,2025-12-09,56
339,2025-12-06,64
339,2026-09-02,104
339,2026-06-26,19
339,2025-12-15,111
339,2026-10-17,67
339,2026-10-18,68
339,2026-08-11,38
339,2026-06-17,34
339,2026-05-03,31
339,2026-01-04,118
340,2025-10-01,89
340,2026-10-14,24
340,2026-06-22,9
340,2025-08-13,115
340,2025-12-20,4
340,2025-06-27,36
340,2026-05-16,78
340,2025-10-24,101
340,2026-07-04,118
341,2026-07-18,103
341,2026-03-23,17
341,2025-05-26,60
341,2025-11-11,79
341,2026-09-01,111
341,2026-04-04,49
341,2025-07-23,17
342,2026-04-08,7
342,2025-12-22,23
342,2026-02-18,53
342,2025-11-10,59
342,2026-07-07,111
342,2025-09-05,81
342,2025-10-18,90
342,2025-12-18,109
342,2025-12-18,98
342,2025-12-14,10
342,2026-12-10,45
342,2026-09-13,49
342,2025-11-14,42
342,2026-02-17,120
342,2025-10-21,110
342,2025-11-05,10
342,2025-12-14,75
342,2025-11-27,79
342,2026-07-19,119
343,2025-10-17,114
343,2025-10-10,58
343,2025-07-05,6
343,2025-03-22,29
343,2025-11-18,72
343,2026-02-26,94
343,2025-05-24,21
343,2025-05-28,56
343,2026-09-14,38
343,2025-09-28,96
343,2026-09-13,18
343,2026-09-23,85
343,2026-03-16,19
343,2026-12-13,4
344,2025-05-17,117
344,2026-08-18,29
344,2026-08-03,96
344,2025-11-06,86
344,2025-08-09,82
344,2026-11-23,48
344,2026-04-11,115
344,2026-03-07,84
344,2025-12-16,83
344,2025-05-09,43
344,2025-10-17,46
344,2026-04-02,17
345,2025-05-06,71
345,2026-08-01,40
345,2025-07-02,98
345,2025-08-11,44
345,2026-07-17,78
345,2025-12-26,58
345,2026-11-02,38
345,2025-04-14,62
345,2025-08-26,75
345,2026-11-26,111
345,2026-07-28,83
345,2026-04-17,51
345,2026-07-20,2
345,2026-05-17,86
345,2026-12-22,56
345,2026-12-08,27
345,2025-05-20,109
345,2025-05-10,70
345,2026-06-18,60
346,2025-12-22,109
346,2026-03-08,87
346,2026-06-19,108
346,2026-03-14,36
346,2025-12-14,4
346,2026-04-02,11
346,2025-12-08,111
346,2025-12-23,16
346,2025-12-03,111
346,2026-03-18,29
346,2025-12-14,71
346,2025-12-18,100
346,2025-12-18,87
346,2025-12-12,105
346,2025-12-15,36
346,2025-12-13,59
346,2025-12-21,84
346,2026-08-06,66
346,2026-02-11,119
347,2026-10-14,85
347,2026-08-23,118
347,2026-06-16,44
347,2026-10-19,48
347,2026-01-11,42
347,2025-11-05,73
347,2025-12-04,39
347,2026-05-03,72
347,2025-10-06,89
347,2026-03-24,110
347,2026-03-26,120
347,2025-12-22,100
347,2025-06-13,84
347,2026-02-28,9
347,2025-06-10,107
347,2026-08-10,91
347,2026-06-05,8
348,2025-10-16,81
348,2026-10-09,60
348,2025-09-17,94
348,2025-11-02,25
348,2026-11-28,31
348,2025-09-26,22
348,2026-05-01,95
348,2025-10-25,56
348,2025-11-21,107
348,2025-11-03,23
348,2025-09-12,92
349,2026-08-19,41
349,2025-03-10,119
349,2026-10-09,12
349,2025-06-05,42
349,2026-07-01,12
349,2025-04-07,103
349,2026-12-24,30
349,2026-09-23,47
349,2026-02-07,28
349,2026-12-06,115
350,2026-09-14,12
350,2025-11-08,38
350,2025-08-25,15
350,2025-08-25,22
350,2025-09-17,11
350,2025-08-03,38
350,2026-09-02,21
350,2025-12-18,83
350,2025-12-13,87
350,2026-05-26,47
350,2025-09-04,106
350,2025-12-28,76
350,2025-12-05,9
350,2025-09-11,51
350,2025-08-15,20
350,2025-11-28,81
350,2026-08-02,39
350,2025-11-03,2
350,2025-12-19,12
351,2026-05-02,42
351,2025-10-08,93
351,2025-10-01,98
351,2025-11-26,34
351,2026-07-01,64
351,2025-11-17,61
351,2026-06-02,106
351,2026-08-12,97
352,2026-12-28,84
352,2026-03-08,10
352,2026-12-07,16
352,2026-01-27,26
352,2026-11-17,94
352,2025-08-21,110
352,2025-10-25,114
352,2026-01-07,98
352,2026-04-02,55
353,2026-01-01,45
353,2026-07-20,111
353,2026-07-22,78
353,2025-05-25,32
353,2025-10-02,4
353,2026-02-24,88
353,2026-09-27,2
353,2025-12-16,111
353,2025-07-21,7
353,2026-04-08,24
353,2025-07-07,109
353,2025-09-11,114
353,2026-05-10,113
353,2025-12-21,22
353,2025-10-11,77
353,2025-12-16,24
353,2025-11-28,114
354,2025-10-18,44
354,2026-06-11,112
354,2025-09-20,99
354,2025-12-14,101
354,2025-09-10,67
354,2025-09-14,64
354,2025-12-23,63
354,2025-11-19,108
354,2025-09-08,69
354,2025-08-09,89
354,2025-11-09,57
354,2026-09-10,53
354,2026-05-17,56
354,2026-12-09,13
354,2026-04-16,99
355,2025-02-13,30
355,2025-09-11,45
355,2025-11-15,62
355,2026-01-04,34
355,2026-09-10,1
355,2025-03-24,100
355,2026-05-26,11
356,2026-03-18,15
356,2026-12-07,90
356,2026-02-03,54
356,2026-02-04,40
356,2026-01-28,26
356,2026-02-03,67
356,2025-08-24,96
356,2025-07-11,44
356,2026-07-12,117
356,2026-03-24,51
356,2025-08-17,97
356,2026-04-16,58
356,2025-06-26,4
356,2025-06-26,87
356,2026-11-22,41
356,2026-06-28,73
357,2026-07-01,2
357,2025-11-28,12
357,2025-12-21,18
357,2025-12-25,20
357,2025-12-26,76
357,2026-05-22,17
357,2025-12-24,112
357,2025-12-26,68
357,2025-12-22,101
357,2025-12-27,87
357,2026-01-26,75
357,2025-12-01,100
357,2025-12-22,118
357,2026-01-18,15
357,2025-11-14,103
357,2026-01-08,36
358,2026-04-28,96
358,2026-08-02,2
358,2026-03-26,63
358,2026-12-22,74
358,2026-12-04,40
358,2025-12-12,33
358,2026-10-24,50
358,2026-10-11,38
358,2025-04-24,97
358,2026-12-23,46
358,2026-03-16,44
358,2025-11-01,2
358,2025-09-24,114
359,2026-04-09,40
359,2026-10-22,101
359,2026-12-25,41
359,2025-08-11,87
359,2025-11-23,28
359,2025-07-14,36
359,2026-12-03,88
360,2025-03-15,2
360,2026-09-04,17
360,2026-11-21,44
360,2026-07-03,95
360,2025-02-28,35
360,2026-09-10,12
361,2025-12-23,115
361,2025-09-23,45
361,2025-11-07,82
361,2025-10-06,87
361,2026-12-12,111
361,2026-11-16,74
361,2025-12-07,7
361,2025-10-11,49
361,2026-11-15,92
361,2026-02-27,11
361,2026-09-18,17
361,2025-11-28,60
361,2025-12-17,102
361,2026-02-24,120
362,2026-12-19,16
362,2025-11-04,10
362,2026-07-09,33
362,2026-12-21,11
362,2025-12-28,65
363,2025-12-12,103
363,2026-03-24,99
363,2026-08-07,94
363,2026-12-06,31
363,2026-12-22,62
363,2026-09-22,108
363,2026-08-01,8
363,2026-09-18,114
363,2025-10-11,32
363,2025-11-04,21
363,2025-09-18,21
363,2025-12-16,74
364,2026-11-13,53
364,2025-09-18,56
364,2026-12-27,27
364,2025-12-21,47
364,2026-02-14,40
364,2026-11-17,18
365,2025-07-07,88
365,2026-01-27,97
365,2025-10-02,104
365,2025-10-17,100
365,2025-11-21,66
365,2026-12-23,98
365,2026-10-08,22
365,2025-10-26,108
366,2025-11-17,35
366,2025-12-23,89
366,2026-08-24,39
366,2026-07-22,23
366,2026-06-02,110
366,2026-05-22,111
367,2026-07-11,57
367,2025-12-16,51
367,2026-11-09,12
367,2025-12-15,76
367,2026-08-16,74
367,2026-01-28,118
367,2025-12-10,43
367,2025-12-02,24
367,2026-03-13,79
367,2025-12-07,17
367,2026-11-09,45
367,2025-12-15,29
367,2025-12-20,117
368,2026-05-25,98
368,2025-10-08,43
368,2025-10-17,44
368,2025-06-09,60
368,2026-12-16,48
368,2025-06-11,91
369,2026-11-19,76
369,2025-05-24,103
369,2026-04-13,93
369,2026-10-07,25
369,2025-12-14,30
369,2025-09-05,20
369,2026-12-13,21
369,2025-12-05,115
369,2025-12-22,23
369,2025-10-25,75
369,2025-06-02,30
370,2026-12-23,92
370,2025-03-18,89
370,2026-03-21,27
370,2026-01-07,96
370,2026-01-09,26
370,2025-06-25,26
370,2025-11-26,66
370,2025-11-09,47
370,2026-11-25,11
370,2025-08-21,63
370,2025-07-15,29
370,2026-02-19,68
371,2025-12-14,74
371,2026-09-01,115
371,2026-05-12,109
371,2026-05-10,94
371,2025-09-12,63
371,2025-12-20,86
371,2025-12-10,4
371,2026-04-23,19
371,2026-04-21,78
371,2026-09-17,47
371,2025-11-24,17
371,2025-09-08,78
371,2026-10-20,60
371,2025-10-03,89
371,2026-01-08,22
371,2025-11-25,75
372,2026-06-25,11
372,2025-03-11,2
372,2026-07-14,113
372,2026-11-22,99
372,2025-07-21,59
372,2025-05-16,54
372,2026-02-28,39
372,2026-04-05,72
372,2026-12-20,12
372,2025-04-17,43
372,2025-05-05,110
372,2026-07-06,20
372,2025-06-12,73
372,2026-04-22,57
372,2026-04-19,87
372,2026-04-20,78
372,2026-10-11,118
372,2026-01-07,72
373,2026-12-10,54
373,2026-07-25,85
373,2026-04-03,61
373,2025-12-07,5
373,2025-12-24,110
373,2025-12-22,19
373,2026-04-13,86
373,2026-04-22,96
373,2025-12-24,50
373,2026-04-24,91
373,2025-12-24,27
373,2026-09-15,35
373,2025-12-14,86
373,2026-01-26,13
373,2025-12-20,2
373,2026-09-17,56
374,2025-12-07,110
374,2025-11-10,39
374,2026-09-19,81
374,2025-12-17,46
374,2026-11-09,12
374,2026-07-26,8
374,2025-08-16,13
374,2026-05-25,91
374,2026-11-18,14
374,2025-09-12,97
374,2026-04-23,35
374,2026-07-19,107
374,2026-05-16,102
374,2025-08-18,57
374,2025-10-05,65
374,2025-10-13,56
374,2026-02-18,25
375,2026-12-15,57
375,2025-08-15,36
375,2025-09-12,6
375,2026-09-11,80
375,2025-05-13,21
375,2026-01-05,31
375,2025-11-09,51
375,2025-09-08,39
375,2025-10-09,68
375,2026-10-11,23
375,2025-07-27,14
375,2026-07-02,106
375,2025-12-03,1
375,2025-08-11,112
375,2026-07-20,38
375,2026-07-01,116
375,2026-10-26,8
375,2025-12-13,34
375,2026-05-15,56
376,2025-12-03,24
376,2025-12-26,44
376,2025-12-24,74
376,2026-12-11,45
376,2026-12-17,92
376,2025-12-02,101
376,2026-02-11,67
376,2025-12-07,48
377,2026-12-23,85
377,2026-01-04,105
377,2025-10-11,41
377,2025-02-06,76
377,2026-08-07,102
377,2025-03-01,9
377,2025-06-26,46
377,2026-02-18,12
377,2026-09-02,50
378,2026-10-19,99
378,2025-08-13,81
378,2026-01-12,44
378,2025-06-22,105
378,2025-11-18,57
378,2025-11-26,85
378,2026-02-16,1
379,2026-10-05,77
379,2025-11-25,107
379,2026-01-16,118
379,2025-12-03,20
379,2025-11-27,18
380,2025-08-19,46
380,2025-06-02,73
380,2026-01-22,7
380,2025-11-28,87
380,2025-11-16,47
380,2026-07-05,92
380,2026-05-18,1
381,2026-02-03,89
381,2025-12-26,95
381,2025-09-21,30
381,2025-12-19,107
381,2026-02-14,41
381,2026-11-03,22
381,2025-09-18,56
381,2025-09-18,11
381,2025-10-28,86
381,2025-10-07,8
381,2025-11-12,75
381,2026-10-24,118
381,2025-09-14,101
381,2025-10-04,102
381,2026-11-11,77
381,2026-09-22,89
381,2025-09-19,91
382,2025-12-25,52
382,2025-07-12,4
382,2026-03-03,9
382,2025-03-27,28
382,2026-01-17,16
382,2026-05-25,14
382,2025-07-09,96
382,2026-01-18,90
382,2025-12-16,117
382,2025-07-02,103
382,2025-07-14,73
382,2026-05-09,73
382,2026-01-27,52
382,2025-12-22,104
382,2026-09-02,53
382,2025-10-09,44
382,2026-07-20,72
383,2026-10-21,6
383,2026-05-05,78
383,2026-02-10,19
383,2025-07-20,46
383,2026-11-15,117
383,2026-03-11,109
383,2025-11-10,59
383,2026-07-20,11
383,2026-04-02,13
383,2026-05-16,18
383,2026-02-16,38
383,2026-09-11,75
384,2025-09-05,78
384,2026-07-03,16
384,2026-07-05,99
384,2026-07-01,99
384,2025-07-20,67
385,2026-07-18,77
385,2026-08-21,6
385,2025-11-12,49
385,2025-11-24,63
385,2026-01-06,9
385,2026-08-05,27
385,2025-12-05,42
385,2025-11-06,26
385,2026-03-11,106
386,2025-10-17,42
386,2026-10-13,113
386,2025-11-06,14
386,2026-01-11,99
386,2025-10-21,47
386,2025-11-07,99
386,2025-10-24,16
386,2026-06-14,3
386,2026-10-27,80
386,2025-11-22,20
386,2025-10-05,93
386,2025-10-20,11
386,2025-12-09,118
386,2026-12-08,93
386,2025-11-23,83
386,2025-11-28,4
386,2026-09-08,34
387,2026-08-19,98
387,2025-06-02,97
387,2025-03-04,55
387,2025-05-03,28
387,2026-10-19,111
387,2025-10-04,84
387,2025-02-26,88
387,2026-03-28,40
387,2025-08-12,60
387,2026-04-22,43
387,2026-09-16,58
388,2026-03-14,28
388,2026-09-17,69
388,2025-08-24,97
388,2026-11-05,41
388,2026-05-24,24
388,2025-10-07,42
388,2025-06-15,68
388,2025-05-11,6
388,2025-09-11,47
388,2025-07-17,61
388,2025-05-09,57
388,2026-08-14,49
388,2026-12-02,69
388,2025-12-10,42
389,2025-07-02,81
389,2026-06-07,10
389,2025-11-18,47
389,2025-06-12,100
389,2025-11-05,13
389,2025-12-27,38
389,2025-09-26,34
389,2025-05-21,105
389,2025-05-26,50
389,2025-09-10,46
389,2025-11-10,46
389,2026-05-09,120
389,2025-08-03,77
389,2026-02-26,16
389,2026-04-08,105
389,2025-09-26,75
389,2026-03-20,56
389,2026-01-03,4
389,2025-08-26,82
390,2025-10-10,77
390,2026-06-24,92
390,2026-09-23,53
390,2025-12-17,65
390,2025-11-17,52
390,2025-09-04,47
390,2025-11-20,33
390,2025-11-14,118
390,2025-12-05,63
390,2026-10-28,6
390,2025-09-04,21
390,2025-09-08,112
390,2026-05-18,6
390,2026-01-10,58
391,2025-11-24,113
391,2025-11-18,60
391,2026-08-16,93
391,2026-05-01,59
391,2025-10-13,50
391,2026-06-13,2
391,2025-12-15,49
391,2025-10-28,71
391,2025-10-28,24
391,2025-10-19,107
391,2025-12-14,111
392,2026-09-26,34
392,2026-03-14,34
392,2025-12-07,109
392,2025-12-24,100
392,2026-11-19,108
392,2026-10-06,85
392,2025-12-13,85
392,2026-01-09,70
392,2026-04-04,24
392,2025-12-21,118
393,2025-10-17,104
393,2026-10-18,12
393,2025-09-28,103
393,2026-06-04,20
393,2026-03-04,4
393,2026-12-08,60
393,2025-12-25,91
393,2025-09-18,91
393,2025-11-09,81
393,2025-06-23,53
393,2026-10-12,119
393,2026-12-27,71
393,2026-10-09,22
394,2025-11-19,97
394,2025-05-07,98
394,2026-04-23,51
394,2026-10-16,23
394,2026-07-15,55
394,2026-08-16,47
394,2025-09-26,72
395,2025-10-27,100
395,2026-02-16,33
395,2025-12-12,29
395,2025-12-21,70
395,2026-03-14,101
395,2026-03-07,26
395,2025-12-26,63
395,2026-02-12,111
395,2025-10-04,10
395,2025-10-20,14
395,2026-05-17,1
395,2026-05-06,96
395,2025-11-09,64
395,2025-10-09,75
395,2025-10-01,111
395,2026-02-26,120
395,2026-05-27,59
395,2025-11-27,81
396,2026-08-08,68
396,2025-12-15,79
396,2026-08-22,30
396,2026-08-06,5
396,2026-02-02,103
396,2025-11-15,24
396,2026-05-08,87
397,2025-11-17,103
397,2026-10-19,57
397,2025-11-12,80
397,2026-02-22,109
397,2026-06-22,57
397,2025-10-25,113
397,2026-08-01,16
397,2025-12-11,40
397,2025-11-22,64
397,2025-12-26,24
398,2025-12-14,66
398,2026-07-17,71
398,2026-02-02,119
398,2026-11-20,61
398,2025-08-17,49
398,2026-10-10,107
398,2025-06-28,53
398,2026-05-16,7
398,2025-09-07,20
398,2026-07-27,64
398,2026-06-20,51
398,2026-12-11,67
398,2026-11-24,50
398,2026-10-09,105
398,2026-08-24,11
398,2026-06-27,81
398,2025-07-28,57
398,2026-06-21,5
399,2026-01-25,47
399,2025-12-16,22
399,2025-12-22,107
399,2026-06-08,83
399,2026-06-01,31
399,2026-06-09,71
399,2025-12-17,1
399,2026-04-18,28
399,2025-12-13,75
400,2025-12-04,32
400,2026-10-13,39
400,2025-07-26,100
400,2025-10-08,59
400,2025-03-26,113
400,2026-02-12,1
400,2026-04-06,104
400,2026-01-11,14
400,2025-05-14,47
400,2025-11-15,81
400,2026-04-07,115
401,2026-08-09,83
401,2026-05-23,101
401,2026-07-24,5
401,2025-11-28,110
401,2025-12-07,106
401,2026-05-04,43
401,2025-11-23,98
401,2026-02-02,113
401,2025-11-06,81
401,2026-07-02,62
401,2025-12-04,51
401,2026-09-09,76
401,2026-08-19,82
401,2026-04-17,26
402,2025-08-03,34
402,2026-04-11,58
402,2026-05-23,61
402,2025-07-01,104
402,2026-11-25,99
402,2025-08-02,24
402,2026-01-24,52
402,2026-06-14,97
402,2026-01-16,11
402,2025-04-20,24
402,2025-08-04,111
402,2025-11-04,17
403,2026-08-09,47
403,2026-11-04,90
403,2025-08-16,53
403,2026-01-11,118
403,2025-10-19,9
403,2025-12-26,97
403,2026-11-12,16
403,2025-10-09,6
403,2026-01-15,68
403,2025-11-22,83
403,2026-08-17,94
404,2025-11-08,33
404,2026-08-07,56
404,2026-11-10,89
404,2025-12-09,80
404,2025-12-06,66
404,2025-11-07,16
404,2026-09-28,105
404,2025-12-26,33
404,2025-11-14,64
404,2026-12-20,65
404,2026-05-09,114
404,2025-12-24,76
404,2025-11-07,24
405,2026-11-12,56
405,2025-12-23,106
405,2026-03-14,80
405,2025-06-24,47
405,2025-07-27,117
405,2025-07-20,77
406,2026-04-08,3
406,2025-09-12,109
406,2026-06-09,1
406,2025-08-15,77
406,2025-10-09,104
406,2025-09-22,60
406,2025-09-01,16
406,2025-12-12,28
406,2025-12-11,1
406,2025-10-05,26
406,2025-12-05,90
406,2025-11-17,17
406,2025-10-17,112
406,2025-08-19,31
406,2025-10-10,68
406,2026-12-15,28
406,2026-08-25,106
407,2026-04-19,104
407,2025-09-27,92
407,2026-11-22,42
407,2025-11-27,14
407,2026-02-18,21
407,2026-03-28,87
407,2025-11-28,18
407,2026-05-28,17
407,2026-02-17,44
407,2025-09-12,83
407,2026-11-14,100
407,2025-09-11,76
407,2025-08-02,120
407,2025-11-14,94
407,2026-05-09,95
407,2026-07-04,87
407,2026-01-27,91
407,2026-09-18,37
407,2025-12-28,42
407,2025-11-19,18
408,2026-07-23,38
408,2025-10-11,4
408,2026-07-20,120
408,2026-06-26,46
408,2025-11-28,43
408,2025-09-17,97
408,2025-10-15,57
408,2026-05-15,99
408,2026-11-16,120
408,2026-05-12,74
408,2025-11-10,113
408,2025-10-07,66
408,2026-03-28,37
409,2026-10-16,79
409,2025-02-16,8
409,2026-06-12,77
409,2026-09-27,40
409,2026-08-09,119
409,2025-08-14,17
409,2025-12-19,44
409,2026-11-28,63
409,2025-04-11,47
409,2025-07-01,120
409,2025-09-14,58
409,2026-10-24,102
410,2026-05-04,101
410,2025-12-05,63
410,2025-11-16,51
410,2026-04-26,9
410,2026-06-04,89
411,2026-02-16,117
411,2025-07-11,37
411,2026-06-18,31
411,2026-06-12,80
411,2026-06-14,103
411,2025-07-14,72
411,2025-08-12,102
411,2026-12-28,98
411,2026-07-17,7
411,2026-01-10,103
411,2025-07-17,54
412,2026-04-03,61
412,2025-06-11,88
412,2026-09-11,99
412,2025-02-21,92
412,2026-10-08,29
412,2026-09-13,114
413,2025-08-22,88
413,2026-01-17,74
413,2026-11-22,4
413,2025-08-12,48
413,2025-12-03,12
413,2025-10-27,27
414,2025-06-13,37
414,2025-04-20,91
414,2025-07-23,28
414,2026-04-16,76
414,2025-06-01,86
414,2025-12-18,82
414,2026-09-06,84
414,2025-12-18,79
414,2025-12-10,37
414,2026-09-04,97
415,2026-07-13,32
415,2026-03-24,2
415,2025-11-17,90
415,2025-10-10,24
415,2026-07-10,62
415,2026-03-24,105
415,2026-05-09,109
415,2025-11-15,83
415,2025-12-25,22
415,2026-10-27,56
415,2026-04-15,77
415,2026-09-03,88
415,2026-08-27,110
415,2026-05-20,73
415,2025-11-13,68
415,2026-11-03,40
415,2026-07-27,79
415,2025-12-20,91
416,2025-11-26,42
416,2026-07-13,40
416,2025-11-20,36
416,2025-11-21,49
416,2025-12-09,99
416,2026-07-14,86
416,2025-11-22,69
416,2025-11-19,101
416,2025-11-22,99
416,2025-12-13,72
416,2026-03-06,116
416,2025-11-15,27
416,2025-12-23,72
416,2026-01-13,87
416,2025-11-17,53
417,2026-12-17,42
417,2026-09-08,7
417,2026-06-11,75
417,2026-11-26,117
417,2026-11-25,58
417,2026-11-27,86
417,2026-08-17,50
417,2025-01-12,44
417,2025-12-05,118
417,2026-11-24,62
417,2026-05-21,33
417,2026-04-14,118
417,2025-03-15,5
417,2026-07-04,33
417,2026-06-07,113
417,2026-05-06,6
417,2025-05-05,12
417,2026-08-09,59
417,2025-06-05,7
417,2025-06-03,81
418,2026-11-22,3
418,2026-07-12,81
418,2025-10-08,41
418,2026-01-18,12
418,2026-04-06,107
418,2025-12-14,53
418,2025-10-28,63
419,2026-03-07,27
419,2025-08-13,6
419,2025-11-02,5
419,2026-03-05,78
419,2025-12-09,45
419,2026-11-25,107
420,2026-06-20,77
420,2025-07-28,17
420,2026-01-23,24
420,2026-10-20,55
420,2025-03-26,38
420,2025-07-17,106
420,2025-02-10,112
420,2025-12-16,62
420,2026-02-08,6
420,2026-02-01,77
420,2025-04-04,52
420,2026-05-11,103
420,2025-09-04,37
420,2026-04-27,20
421,2026-04-03,79
421,2025-11-10,32
421,2025-10-14,55
421,2026-06-13,110
421,2025-10-08,26
421,2026-02-14,46
422,2025-12-25,19
422,2026-08-11,43
422,2026-03-14,59
422,2025-12-22,31
422,2026-11-16,96
422,2025-12-15,93
422,2026-02-01,1
422,2026-12-28,108
422,2026-09-16,6
422,2026-10-01,41
422,2026-02-25,10
422,2025-12-23,67
422,2025-12-15,112
422,2025-12-08,47
422,2025-12-25,90
423,2025-11-09,68
423,2026-12-19,90
423,2026-02-28,112
423,2026-06-16,105
423,2025-12-19,38
423,2025-10-28,14
423,2025-09-05,35
423,2025-12-22,34
423,2026-12-17,101
423,2026-11-22,43
423,2025-09-05,93
423,2025-11-03,110
424,2026-12-10,70
424,2025-09-04,7
424,2025-08-10,51
424,2026-12-08,29
424,2026-04-25,31
424,2025-09-16,91
424,2026-12-10,25
425,2025-02-19,105
425,2026-02-13,99
425,2026-04-15,119
425,2026-01-21,83
425,2025-03-26,60
425,2025-06-15,8
425,2025-04-11,91
425,2025-10-22,107
425,2025-05-21,105
425,2026-02-15,83
425,2026-07-17,14
425,2026-07-20,57
425,2026-01-12,78
425,2025-09-24,31
425,2025-02-25,90
425,2025-02-22,45
425,2026-10-03,100
425,2026-10-25,71
425,2025-05-23,84
426,2026-10-07,114
426,2026-05-21,64
426,2025-12-24,39
426,2025-12-12,91
426,2026-06-27,20
426,2026-10-07,120
426,2026-08-01,85
427,2026-06-01,74
427,2026-07-06,112
427,2025-11-18,113
427,2026-07-05,84
427,2025-11-04,75
427,2025-11-01,98
427,2025-11-26,95
427,2025-08-18,56
427,2025-08-01,78
427,2025-11-27,1
427,2025-12-09,109
427,2025-12-03,84
427,2026-01-02,112
427,2025-09-16,89
427,2026-11-06,68
427,2025-10-28,103
427,2026-08-27,63
427,2026-01-03,36
427,2026-03-23,50
427,2025-08-04,73
428,2026-11-21,99
428,2026-05-14,4
428,2026-08-07,82
428,2026-10-12,50
428,2025-10-05,5
428,2026-02-07,48
428,2026-04-28,119
428,2026-05-24,68
428,2025-11-02,7
428,2026-06-04,55
428,2026-12-09,113
428,2026-11-16,25
428,2026-09-04,71
428,2025-09-16,94
428,2026-05-17,58
429,2026-08-20,31
429,2026-10-20,86
429,2026-11-18,40
429,2025-11-08,48
429,2026-10-19,76
429,2026-02-06,45
429,2025-07-27,11
429,2025-07-23,49
429,2026-07-21,74
429,2025-08-13,104
429,2026-02-19,12
429,2026-10-19,25
429,2025-09-08,87
429,2025-08-21,10
430,2026-09-07,6
430,2026-11-13,68
430,2025-12-26,95
430,2026-06-08,31
430,2026-06-06,55
430,2025-08-05,77
430,2026-09-16,33
430,2026-09-04,15
430,2025-12-06,52
430,2025-10-24,48
430,2025-11-08,74
430,2025-09-05,75
431,2025-12-21,59
431,2026-06-01,102
431,2025-11-22,93
431,2026-06-27,98
431,2025-11-11,62
431,2026-12-16,100
431,2025-12-10,27
431,2025-10-22,39
431,2025-11-21,41
431,2025-11-08,65
431,2025-09-23,43
431,2026-06-02,110
432,2026-03-02,80
432,2026-09-02,94
432,2025-10-19,90
432,2026-08-21,46
432,2026-03-20,33
432,2025-07-19,13
432,2026-09-13,114
432,2026-01-26,67
432,2026-06-01,52
433,2025-12-09,103
433,2025-12-26,92
433,2025-12-10,19
433,2026-12-19,61
433,2026-10-07,45
433,2026-10-05,15
433,2025-12-28,68
433,2025-12-20,115
433,2025-12-05,98
433,2025-12-15,42
433,2025-12-26,65
433,2025-12-03,42
433,2026-01-28,25
434,2026-06-13,7
434,2025-11-10,108
434,2025-11-06,39
434,2026-06-10,54
434,2025-05-06,16
434,2025-10-23,33
434,2026-10-23,90
434,2025-07-22,32
434,2026-01-16,108
434,2025-12-08,86
434,2026-04-09,50
434,2026-01-26,80
434,2026-05-16,88
434,2025-05-14,7
435,2025-07-15,74
435,2026-02-13,25
435,2026-03-03,34
435,2025-12-06,1
435,2025-08-10,82
435,2025-10-11,52
435,2025-10-17,6
435,2026-07-09,86
435,2025-11-24,117
435,2026-05-04,25
435,2025-12-07,56
435,2026-06-24,103
436,2025-11-20,103
436,2025-11-14,90
436,2026-09-04,57
436,2025-11-24,61
436,2025-09-23,43
437,2026-10-06,22
437,2025-10-28,15
437,2025-11-10,21
437,2026-09-04,38
437,2025-05-01,97
437,2025-04-27,66
437,2026-12-23,51
437,2025-10-04,37
437,2025-07-11,20
437,2025-02-27,21
438,2025-12-10,114
438,2025-07-02,80
438,2026-12-10,56
438,2026-07-12,80
438,2026-09-03,89
439,2026-03-26,77
439,2025-10-22,50
439,2026-11-11,78
439,2025-11-10,35
439,2025-11-07,102
439,2025-12-04,72
439,2025-10-04,25
439,2025-12-11,113
439,2025-10-04,46
440,2025-06-10,24
440,2026-12-01,94
440,2025-05-24,113
440,2026-07-06,51
440,2026-02-21,32
440,2025-03-05,41
440,2025-07-06,31
440,2026-08-26,6
440,2026-08-13,4
440,2026-03-20,118
440,2025-12-25,69
440,2026-11-23,117
440,2026-12-13,117
440,2026-05-02,70
440,2026-08-28,18
440,2025-03-15,84
440,2026-03-26,38
441,2025-09-27,28
441,2025-10-28,10
441,2025-12-23,111
441,2026-03-10,103
441,2026-03-12,36
441,2025-11-12,38
442,2026-12-26,86
442,2025-10-16,109
442,2026-12-25,91
442,2025-11-23,24
442,2025-09-26,71
442,2025-10-13,83
442,2025-10-25,107
443,2026-09-01,62
443,2025-09-06,84
443,2025-09-15,99
443,2025-07-17,79
443,2026-10-08,10
443,2025-12-14,88
443,2025-12-03,84
443,2025-09-08,40
443,2026-12-02,45
443,2025-10-28,84
443,2025-10-16,48
443,2025-12-18,71
443,2026-10-10,85
443,2026-04-26,45
443,2026-07-17,54
443,2026-03-25,10
443,2025-11-01,104
443,2026-10-12,10
443,2026-09-09,95
444,2026-12-06,21
444,2026-10-11,44
444,2025-07-27,109
444,2025-04-24,42
444,2025-09-10,13
444,2026-04-22,89
444,2026-02-24,91
444,2025-04-20,53
444,2026-05-11,14
444,2025-10-08,52
444,2026-12-20,2
444,2026-12-01,33
444,2025-11-08,64
444,2025-06-08,34
444,2025-10-28,90
444,2026-09-26,104
445,2025-12-07,114
445,2025-10-21,106
445,2025-10-17,11
445,2026-02-26,112
445,2025-11-28,40
445,2026-12-22,110
445,2026-03-27,16
445,2025-10-15,96
445,2026-10-14,32
445,2026-04-03,12
445,2026-10-27,27
445,2025-10-01,69
445,2026-03-08,7
445,2026-12-25,43
445,2026-11-27,4
445,2025-10-27,119
445,2025-12-26,3
445,2025-12-14,39
445,2026-12-03,87
446,2025-08-03,65
446,2025-09-03,91
446,2026-01-18,12
446,2026-01-05,67
446,2026-07-03,55
446,2026-09-15,83
447,2025-12-10,73
447,2026-01-07,86
447,2025-12-09,25
447,2026-11-16,33
447,2025-12-10,40
447,2025-12-02,53
447,2026-02-28,6
447,2025-12-27,51
447,2025-12-01,81
447,2026-02-07,16
447,2025-12-12,43
448,2026-03-02,93
448,2026-03-22,88
448,2025-12-08,77
448,2026-07-25,111
448,2026-03-22,11
448,2026-07-26,100
448,2025-12-17,103
448,2026-12-18,116
448,2026-08-14,61
448,2026-06-28,9
448,2025-11-16,60
448,2025-08-26,28
448,2025-11-19,29
448,2026-11-21,103
448,2025-07-09,65
448,2026-04-02,36
448,2026-02-19,33
448,2026-06-24,65
448,2026-09-26,107
449,2026-12-08,36
449,2025-11-16,75
449,2026-05-24,87
449,2025-11-21,82
449,2025-12-16,104
449,2026-09-11,80
449,2025-11-25,70
450,2025-11-13,93
450,2025-01-12,116
450,2026-05-20,25
450,2025-10-06,58
450,2025-11-19,41
450,2026-01-14,30
450,2026-07-15,2
450,2025-01-24,60
450,2025-06-07,59
450,2026-03-02,88
450,2026-06-22,84
450,2026-12-11,97
450,2025-11-11,35
450,2026-01-15,98
450,2026-08-15,90
451,2025-10-25,119
451,2025-12-02,59
451,2025-12-22,2
451,2026-01-25,97
451,2026-08-25,9
451,2025-10-10,52
451,2025-12-15,47
451,2026-09-23,2
451,2026-02-01,89
451,2026-09-14,53
452,2025-12-14,33
452,2026-03-14,17
452,2026-05-27,64
452,2025-10-19,71
452,2026-08-03,15
452,2025-08-17,60
452,2026-01-08,32
452,2025-10-15,100
452,2025-10-22,38
452,2025-08-15,32
452,2025-10-27,49
452,2026-09-19,79
452,2026-11-09,77
452,2025-09-21,100
452,2025-10-26,30
452,2025-11-15,80
452,2025-10-13,108
452,2025-10-15,3
452,2026-09-04,14
452,2025-08-03,66
453,2026-04-05,32
453,2025-10-12,89
453,2026-06-04,66
453,2025-09-15,48
453,2025-11-02,3
453,2025-10-08,116
453,2026-05-07,94
453,2025-10-13,104
453,2026-05-01,105
453,2026-04-13,18
453,2026-02-21,86
453,2025-09-04,10
453,2026-05-04,82
453,2025-08-19,108
453,2025-09-01,49
453,2025-11-04,32
453,2026-11-19,27
453,2025-08-12,112
454,2025-04-22,40
454,2026-03-21,111
454,2026-08-21,32
454,2026-04-18,34
454,2025-08-25,55
454,2025-04-27,53
454,2025-08-22,98
454,2026-05-24,19
454,2026-12-03,69
455,2026-06-07,57
455,2026-09-05,52
455,2025-12-12,8
455,2025-07-28,79
455,2026-01-06,103
455,2025-05-07,45
455,2026-10-08,106
455,2026-09-02,89
455,2025-08-21,22
455,2025-08-01,119
455,2026-06-02,112
455,2026-12-22,66
455,2025-12-22,113
456,2025-10-09,101
456,2026-03-12,24
456,2026-12-23,61
456,2026-08-16,33
456,2026-05-19,50
456,2026-10-08,5
456,2026-07-10,104
456,2025-05-14,2
456,2026-10-18,112
456,2025-11-10,70
456,2026-03-24,86
456,2026-06-26,47
456,2025-12-15,76
456,2025-10-21,111
456,2026-11-26,49
456,2025-06-05,16
456,2025-09-01,60
456,2025-10-09,104
456,2026-12-07,78
457,2025-12-25,56
457,2025-12-05,108
457,2026-08-01,57
457,2025-12-05,47
457,2025-12-10,26
457,2025-12-25,8
457,2025-12-12,8
457,2025-12-08,87
457,2026-05-05,59
457,2026-03-22,119
457,2025-12-03,101
457,2026-10-09,73
457,2026-12-09,44
457,2026-10-23,96
457,2026-12-20,46
457,2026-12-17,113
457,2025-12-15,93
457,2025-12-16,91
458,2025-09-24,14
458,2025-04-28,19
458,2026-01-06,28
458,2025-08-28,86
458,2025-09-13,14
458,2026-07-27,35
458,2025-12-09,6
458,2026-12-13,44
458,2026-02-03,21
458,2026-04-17,11
458,2025-02-12,1
458,2025-04-18,92
458,2025-02-16,100
458,2026-11-21,44
459,2025-11-15,100
459,2026-08-16,102
459,2026-03-07,80
459,2025-12-23,34
459,2025-11-27,82
459,2026-04-24,101
459,2025-12-17,28
459,2026-12-19,24
459,2025-12-04,6
459,2025-11-13,1
459,2026-08-25,22
459,2025-12-07,115
459,2026-12-17,50
459,2026-06-07,112
459,2026-02-12,116
459,2026-08-08,15
460,2026-03-01,72
460,2025-07-18,59
460,2025-07-22,104
460,2026-01-16,80
460,2025-08-15,58
461,2025-12-20,61
461,2025-12-03,95
461,2026-09-11,7
461,2025-12-22,117
461,2026-10-21,107
461,2025-12-14,70
461,2025-12-20,8
461,2026-03-06,4
461,2026-02-28,21
461,2025-12-12,24
461,2025-12-19,53
461,2025-12-08,27
462,2026-10-25,115
462,2026-06-04,59
462,2026-08-26,80
462,2025-10-06,26
462,2025-09-26,56
462,2025-11-03,60
462,2026-01-06,102
463,2025-05-01,7
463,2026-09-21,70
463,2026-08-21,45
463,2026-06-11,88
463,2026-01-19,44
463,2025-06-11,6
463,2026-10-27,117
463,2026-03-08,51
463,2026-10-10,87
463,2026-03-15,23
463,2026-06-04,70
463,2025-06-25,89
463,2025-02-10,102
464,2026-11-11,117
464,2025-12-13,19
464,2025-12-13,34
464,2025-12-20,112
464,2025-12-04,55
464,2026-08-09,5
464,2026-09-22,72
464,2026-10-17,95
464,2026-09-11,58
464,2026-10-03,97
464,2025-11-13,83
464,2026-08-21,20
465,2026-02-17,58
465,2025-12-18,79
465,2026-04-15,61
465,2025-12-06,36
465,2025-12-14,95
465,2026-06-22,86
465,2025-12-08,120
465,2026-09-01,35
465,2026-01-10,6
465,2026-11-19,26
465,2026-06-03,103
465,2026-06-13,101
465,2025-12-23,116
465,2025-12-27,100
465,2025-12-16,27
465,2026-08-04,19
465,2026-07-16,24
465,2025-12-28,32
466,2025-10-25,44
466,2026-11-17,111
466,2026-10-04,48
466,2025-04-23,40
466,2025-07-25,50
467,2025-12-19,70
467,2025-12-16,104
467,2025-12-21,78
467,2025-12-01,26
467,2026-02-27,117
467,2025-12-11,84
467,2025-12-19,66
467,2026-07-24,120
467,2026-10-22,78
467,2026-12-26,57
467,2025-12-26,6
467,2026-01-01,64
467,2026-07-04,107
467,2026-04-08,112
467,2026-01-02,101
467,2026-12-19,11
467,2026-05-10,26
468,2026-02-22,94
468,2026-04-17,117
468,2026-07-06,112
468,2025-10-16,91
468,2026-05-27,1
468,2026-05-12,107
468,2026-07-04,68
468,2025-10-25,70
468,2026-05-03,36
468,2025-11-17,47
468,2025-08-09,14
468,2026-03-14,27
468,2026-11-19,23
468,2025-09-05,27
468,2025-12-28,75
468,2025-08-11,73
468,2025-08-15,90
469,2025-07-22,90
469,2025-09-23,35
469,2026-06-14,59
469,2026-02-12,107
469,2026-02-24,60
469,2026-07-01,38
469,2026-07-18,76
469,2025-06-04,52
470,2026-08-21,52
470,2026-11-15,97
470,2026-06-27,61
470,2026-07-13,111
470,2026-08-13,6
470,2026-03-01,65
470,2026-11-05,76
470,2026-05-11,113
470,2026-03-03,63
470,2026-01-10,74
470,2026-09-05,76
470,2026-03-15,47
470,2026-12-09,19
470,2025-06-14,10
471,2025-11-20,22
471,2026-11-08,83
471,2026-11-09,5
471,2025-11-26,62
471,2025-09-14,111
471,2026-04-19,5
471,2025-07-26,111
471,2025-09-08,8
471,2025-06-18,90
471,2025-08-08,106
471,2025-06-04,118
471,2025-09-22,3
471,2026-06-09,65
471,2026-06-17,64
471,2026-06-05,90
471,2026-06-05,73
472,2025-09-03,36
472,2025-10-20,59
472,2026-06-15,91
472,2025-09-03,120
472,2026-10-18,26
472,2026-12-03,85
472,2025-09-12,51
472,2026-10-14,113
472,2025-12-07,104
472,2026-12-24,69
472,2026-11-09,9
472,2026-11-18,119
472,2025-09-22,50
472,2025-12-04,77
472,2025-12-14,17
472,2026-07-20,40
472,2026-07-23,22
473,2026-11-18,37
473,2025-12-17,111
473,2026-02-16,76
473,2026-04-14,62
473,2025-09-27,113
473,2025-10-21,120
473,2026-02-20,98
473,2025-11-28,93
473,2025-09-07,70
473,2026-03-04,118
473,2025-09-25,111
474,2025-11-21,36
474,2026-12-26,49
474,2025-12-27,93
474,2026-07-23,24
474,2025-11-04,51
474,2026-07-14,28
474,2025-11-22,46
474,2025-11-10,25
474,2025-12-05,42
474,2025-11-09,2
474,2025-11-21,64
474,2026-06-28,77
474,2026-02-22,36
474,2025-11-05,114
474,2026-09-10,25
474,2026-01-16,36
475,2025-12-07,95
475,2025-05-17,7
475,2026-01-05,34
475,2026-01-10,119
475,2025-04-01,117
475,2025-10-16,13
475,2025-06-22,43
475,2025-05-25,112
475,2026-08-21,83
475,2025-10-14,46
475,2026-05-15,51
475,2025-10-05,57
475,2026-08-08,44
475,2026-05-18,119
475,2025-07-15,13
475,2025-09-14,55
476,2026-11-08,75
476,2025-12-24,112
476,2025-12-09,23
476,2026-12-02,107
476,2025-10-12,8
476,2025-10-09,107
476,2025-12-08,73
476,2025-11-06,61
477,2025-11-26,58
477,2026-04-07,91
477,2025-10-20,111
477,2025-10-15,118
477,2025-12-20,15
477,2025-11-12,77
477,2025-12-23,101
477,2026-06-15,86
477,2025-11-26,24
477,2025-12-03,54
477,2025-10-02,107
477,2026-11-24,87
477,2026-10-03,6
477,2025-12-09,107
477,2026-04-13,33
478,2026-05-10,33
478,2025-09-24,100
478,2026-10-03,33
478,2025-09-23,98
478,2025-08-15,81
478,2025-09-15,51
478,2025-10-06,60
478,2025-12-15,118
478,2026-11-16,14
478,2025-12-07,25
478,2026-04-02,2
479,2025-04-22,55
479,2025-06-11,66
479,2026-11-16,120
479,2026-06-10,52
479,2026-09-14,16
479,2026-03-18,85
480,2026-11-01,31
480,2026-05-26,54
480,2025-08-06,92
480,2026-07-12,84
480,2026-09-10,106
480,2025-10-10,96
480,2026-12-07,43
480,2025-12-11,64
480,2025-10-25,9
480,2026-02-26,94
480,2026-07-19,87
480,2026-06-23,105
480,2026-10-14,42
480,2026-01-02,101
481,2025-12-24,41
481,2025-11-19,108
481,2026-12-09,67
481,2026-11-05,12
481,2025-11-06,114
481,2025-12-03,94
481,2026-06-12,62
481,2026-12-07,59
481,2025-11-16,51
481,2026-01-09,9
481,2026-03-14,40
481,2025-11-06,80
482,2025-12-03,29
482,2026-03-06,76
482,2025-08-01,80
482,2025-10-21,97
482,2025-10-22,25
482,2025-09-20,82
482,2026-01-03,92
482,2026-10-13,115
482,2025-12-09,4
482,2026-07-22,83
482,2026-04-20,7
482,2026-09-07,85
482,2026-08-13,59
482,2025-08-15,65
482,2025-10-10,52
482,2026-07-13,78
482,2026-12-18,29
482,2026-11-27,1
482,2026-04-17,53
482,2025-10-24,3
483,2026-10-06,43
483,2026-03-19,62
483,2025-12-13,73
483,2025-10-26,117
483,2025-11-15,95
483,2025-12-08,81
483,2026-12-27,113
483,2026-09-27,92
483,2025-12-02,94
483,2026-08-06,25
483,2025-11-21,33
483,2026-07-13,14
483,2025-11-04,120
483,2026-10-24,96
483,2026-02-18,7
484,2026-03-17,105
484,2026-12-24,67
484,2026-10-06,35
484,2026-10-09,114
484,2025-09-22,120
484,2026-02-17,55
484,2026-07-26,12
484,2025-10-09,7
484,2025-09-28,13
484,2025-12-01,16
484,2026-10-24,25
484,2026-08-14,75
484,2025-09-21,107
484,2025-11-16,78
484,2025-12-18,104
484,2025-08-25,87
484,2025-09-26,4
485,2026-04-04,65
485,2026-03-01,1
485,2025-08-19,13
485,2026-03-07,10
485,2025-08-27,106
485,2026-11-25,88
485,2025-06-10,99
486,2025-12-06,63
486,2025-12-08,16
486,2026-08-06,5
486,2025-12-20,45
486,2025-12-04,85
487,2026-11-11,52
487,2025-05-23,1
487,2025-06-15,49
487,2026-04-27,97
487,2025-09-28,40
487,2025-09-07,101
487,2026-02-12,117
487,2025-10-10,93
487,2026-05-14,80
487,2025-06-15,81
487,2025-12-01,18
487,2026-03-18,24
487,2025-09-02,6
487,2025-05-28,112
487,2025-09-21,92
487,2025-07-27,27
487,2025-06-13,86
487,2025-05-12,111
487,2025-07-09,90
488,2025-09-22,95
488,2026-03-23,58
488,2026-03-12,19
488,2025-09-03,29
488,2025-08-14,60
488,2026-12-10,22
488,2025-09-13,64
489,2025-12-25,11
489,2026-08-17,15
489,2025-10-15,102
489,2026-12-05,77
489,2025-08-11,13
490,2025-12-13,112
490,2026-03-14,57
490,2025-10-06,22
490,2025-12-19,39
490,2025-11-22,104
490,2026-04-21,110
490,2025-11-22,2
490,2026-04-03,78
490,2026-02-02,86
490,2026-01-15,42
490,2026-01-17,34
490,2026-03-18,38
490,2026-08-15,8
490,2025-11-17,33
490,2026-08-20,63
491,2025-08-01,84
491,2026-07-09,85
491,2026-01-11,120
491,2025-10-11,92
491,2025-06-16,116
491,2025-12-06,59
492,2025-12-05,71
492,2025-11-01,16
492,2025-08-01,47
492,2025-07-25,21
492,2025-08-09,4
492,2026-04-28,50
492,2025-07-20,77
492,2025-09-01,23
492,2026-01-13,41
492,2025-07-22,61
492,2026-08-26,10
492,2025-10-02,86
492,2026-05-18,46
492,2026-10-14,117
492,2026-04-21,85
492,2025-08-26,102
492,2026-01-15,95
492,2025-09-21,39
492,2025-08-18,85
493,2025-10-04,97
493,2026-06-23,53
493,2026-12-13,60
493,2026-07-03,75
493,2026-03-09,73
493,2026-12-01,13
493,2026-01-19,20
493,2025-11-14,40
494,2025-12-28,60
494,2025-12-05,86
494,2025-12-09,91
494,2026-04-10,58
494,2025-12-15,85
494,2025-12-28,25
494,2025-12-20,118
494,2026-11-19,83
494,2025-12-17,73
494,2026-04-12,91
494,2026-03-15,22
494,2025-12-21,93
494,2026-12-16,115
494,2025-12-23,116
494,2026-01-27,79
495,2026-11-14,26
495,2026-07-10,69
495,2026-05-05,87
495,2026-04-19,72
495,2025-12-24,98
495,2026-11-12,17
495,2025-12-18,94
495,2026-11-15,52
495,2025-12-16,32
495,2026-04-27,31
495,2026-01-13,81
495,2025-12-28,14
496,2026-04-08,35
496,2025-05-09,89
496,2025-05-12,51
496,2025-08-23,44
496,2025-10-07,52
496,2025-12-18,54
496,2025-07-07,47
496,2026-01-10,36
496,2026-06-12,103
496,2025-08-07,35
496,2026-03-03,10
496,2025-11-11,34
496,2026-05-19,43
496,2026-11-10,22
496,2025-12-18,92
496,2026-03-28,81
496,2026-07-08,65
496,2025-09-03,21
497,2025-09-09,97
497,2026-11-20,23
497,2026-11-13,37
497,2025-10-20,113
497,2026-03-09,57
497,2025-08-07,84
497,2026-06-25,83
497,2025-08-08,110
498,2025-11-11,104
498,2025-08-12,84
498,2025-12-08,110
498,2026-08-19,23
498,2025-04-11,60
499,2026-06-24,26
499,2025-11-24,65
499,2025-11-09,52
499,2026-04-24,62
499,2026-03-10,27
499,2025-11-09,81
499,2026-01-14,54
499,2026-02-24,4
499,2026-10-21,53
499,2025-12-10,78
500,2025-11-17,117
500,2026-10-23,81
500,2025-12-11,2
500,2026-02-28,99
500,2026-08-03,45
500,2025-11-04,116
500,2025-12-01,18
500,2025-11-14,6
501,2026-01-06,117
501,2026-03-18,119
501,2026-09-08,82
501,2025-11-06,8
501,2026-02-09,96
502,2025-12-02,109
502,2026-10-13,98
502,2026-10-20,105
502,2026-09-09,21
502,2025-11-21,9
502,2026-02-09,108
502,2026-03-09,51
502,2025-12-08,108
502,2026-03-08,91
502,2026-02-23,46
502,2026-03-17,91
502,2026-12-20,91
502,2026-08-11,85
502,2026-12-14,28
503,2025-12-08,4
503,2026-06-16,62
503,2026-11-27,77
503,2025-11-15,56
503,2025-11-10,93
503,2025-08-12,76
503,2025-12-09,94
503,2025-10-01,99
503,2026-04-19,8
503,2025-10-26,56
503,2025-09-17,46
503,2026-10-21,50
503,2026-12-01,110
503,2026-04-12,40
503,2026-07-01,117
503,2026-06-28,11
503,2025-08-02,12
503,2026-03-13,22
503,2025-11-10,108
503,2026-02-17,3
504,2026-06-19,38
504,2025-10-12,101
504,2025-08-13,48
504,2025-08-06,103
504,2026-11-08,61
504,2026-12-19,43
504,2025-12-15,93
504,2026-11-12,100
504,2026-08-08,63
505,2026-12-24,20
505,2026-02-06,22
505,2026-12-18,107
505,2026-07-15,102
505,2025-03-22,63
505,2026-03-28,21
505,2026-10-25,82
505,2025-11-09,73
505,2026-06-06,27
505,2026-08-09,87
505,2025-04-02,105
505,2025-12-17,44
505,2026-01-15,1
506,2026-02-11,74
506,2025-12-10,19
506,2026-10-24,41
506,2026-06-08,108
506,2026-02-23,26
506,2026-07-23,32
507,2025-08-14,10
507,2026-03-24,56
507,2025-04-09,8
507,2026-03-01,51
507,2025-07-09,114
507,2026-02-03,68
507,2026-09-16,25
507,2026-03-17,23
507,2026-06-20,115
507,2025-07-23,65
507,2025-08-04,92
507,2025-11-03,103
507,2026-01-08,26
507,2025-04-17,105
507,2026-05-10,12
508,2025-12-21,103
508,2026-01-22,24
508,2025-10-03,29
508,2026-09-18,7
508,2025-09-02,75
508,2025-12-16,93
508,2026-08-15,101
508,2026-08-08,110
508,2026-06-25,59
508,2026-05-12,45
508,2026-06-20,114
508,2025-10-09,116
508,2025-11-26,111
508,2026-04-12,99
509,2025-09-05,49
509,2025-11-12,27
509,2025-09-18,80
509,2025-10-23,32
509,2025-09-07,47
509,2025-11-21,67
509,2026-06-24,101
509,2025-12-01,19
510,2026-01-14,18
510,2026-01-13,57
510,2026-12-04,41
510,2025-09-10,105
510,2026-07-06,14
510,2026-05-18,32
510,2026-11-05,59
510,2026-04-02,23
510,2026-01-14,73
510,2026-08-06,45
510,2025-05-06,30
510,2026-09-20,27
510,2026-08-25,15
510,2025-10-18,24
510,2026-09-25,72
510,2025-09-27,78
510,2026-02-13,87
511,2025-09-11,108
511,2026-11-10,39
511,2026-05-25,42
511,2025-08-27,75
511,2025-05-09,10
511,2026-03-10,112
511,2025-11-16,69
511,2026-06-09,64
511,2025-06-17,76
511,2026-08-20,88
511,2026-01-04,115
511,2026-07-15,6
511,2025-11-16,19
511,2026-01-24,17
511,2025-05-26,89
512,2025-09-16,116
512,2025-12-16,31
512,2026-12-28,55
512,2025-12-08,14
512,2026-02-08,85
512,2026-01-24,63
512,2025-12-24,12
512,2026-05-12,62
512,2026-03-16,45
512,2026-11-06,92
512,2025-04-25,72
512,2026-08-22,116
512,2026-02-12,88
512,2025-08-13,67
513,2026-06-24,60
513,2025-08-12,107
513,2026-11-14,11
513,2026-07-18,75
513,2026-01-19,31
513,2026-12-08,50
513,2026-07-21,2
514,2026-06-04,90
514,2026-02-28,117
514,2025-11-07,76
514,2026-07-07,24
514,2025-12-12,120
514,2025-11-12,51
514,2026-02-19,17
514,2025-11-21,91
514,2026-10-15,109
514,2026-09-27,98
514,2026-10-16,71
514,2026-09-16,74
514,2026-12-07,11
514,2026-04-02,45
514,2025-12-21,7
515,2025-10-19,113
515,2025-08-25,45
515,2025-10-09,18
515,2025-07-04,18
515,2026-05-13,76
515,2025-07-16,50
515,2025-07-25,78
515,2025-11-27,65
515,2026-04-15,88
515,2025-11-12,86
515,2026-04-26,50
515,2025-10-26,20
515,2025-08-01,53
516,2026-07-16,27
516,2026-08-15,48
516,2026-10-24,38
516,2025-11-26,9
516,2025-11-01,108
516,2025-10-28,96
516,2025-12-07,3
516,2025-10-10,99
516,2025-12-10,111
516,2026-04-24,102
516,2026-03-22,93
517,2026-07-03,15
517,2025-07-08,107
517,2025-12-27,55
517,2026-09-22,53
517,2025-12-03,72
517,2026-04-21,86
517,2025-12-04,13
517,2025-11-25,11
517,2026-08-26,78
517,2025-08-21,51
517,2026-07-13,30
517,2026-11-24,79
518,2026-03-17,10
518,2025-10-14,109
518,2026-10-17,36
518,2026-01-07,26
518,2026-10-02,92
518,2025-11-01,107
518,2025-12-12,28
518,2026-11-23,26
518,2025-10-05,91
518,2026-12-11,17
518,2026-12-11,54
518,2026-02-19,81
518,2026-01-27,104
518,2025-09-12,52
519,2025-09-26,9
519,2025-11-28,99
519,2026-06-05,37
519,2026-09-20,10
519,2026-03-26,93
519,2025-10-17,116
519,2025-06-23,10
519,2026-02-09,76
519,2026-08-16,53
519,2026-10-03,32
519,2026-12-03,53
519,2026-08-14,108
519,2026-03-17,116
519,2025-07-23,104
519,2026-02-27,73
519,2026-11-09,91
519,2025-12-05,73
519,2026-09-28,34
519,2026-04-22,110
520,2026-08-16,107
520,2026-07-03,93
520,2025-12-11,81
520,2026-01-25,95
520,2025-11-23,48
520,2026-12-13,96
520,2026-09-07,19
520,2025-12-25,76
520,2025-12-26,2
520,2025-12-03,20
520,2026-01-14,50
520,2025-12-22,30
520,2026-01-23,68
521,2025-10-05,1
521,2025-07-28,116
521,2025-12-23,28
521,2025-07-06,2
521,2026-07-28,62
521,2026-04-15,21
521,2025-08-21,57
521,2025-09-25,33
521,2025-10-12,54
521,2026-01-15,82
521,2025-11-21,90
521,2025-09-13,85
521,2026-08-26,37
521,2025-11-14,63
521,2026-01-11,34
521,2026-08-07,77
521,2025-07-13,33
521,2025-11-24,44
521,2026-07-18,84
521,2026-12-08,92
522,2026-09-17,55
522,2025-06-28,21
522,2026-04-04,18
522,2025-09-27,113
522,2026-03-11,35
522,2026-09-02,88
523,2026-09-02,40
523,2025-05-25,38
523,2026-02-27,41
523,2026-12-01,6
523,2025-05-19,86
523,2025-04-15,27
524,2026-07-15,118
524,2025-12-10,94
524,2026-05-08,109
524,2026-10-08,105
524,2025-12-20,36
524,2025-10-04,74
524,2026-10-13,64
524,2025-12-08,19
524,2025-10-01,45
524,2026-03-22,70
524,2026-11-26,91
524,2025-11-21,9
524,2025-10-19,84
524,2025-10-25,46
524,2026-12-01,74
525,2025-12-19,37
525,2025-10-11,73
525,2026-10-20,95
525,2025-12-22,30
525,2025-10-18,70
525,2026-11-14,60
525,2026-07-02,81
525,2026-03-27,94
525,2026-02-07,100
525,2026-01-21,28
525,2026-09-07,69
525,2026-05-10,86
525,2025-10-17,13
525,2025-11-08,21
526,2026-12-01,24
526,2026-07-08,66
526,2025-02-16,16
526,2026-05-18,11
526,2026-02-08,29
526,2025-03-27,61
526,2026-01-11,57
526,2026-07-27,58
526,2026-02-19,18
526,2025-02-28,30
526,2025-04-17,57
527,2026-05-02,46
527,2025-09-22,108
527,2025-09-14,2
527,2026-08-16,68
527,2026-02-20,112
527,2025-10-25,77
527,2026-11-06,49
527,2026-06-25,113
527,2026-02-07,119
527,2026-05-19,108
527,2026-08-09,90
527,2026-02-23,96
527,2026-06-08,58
527,2026-03-12,57
527,2026-05-22,104
528,2026-03-24,54
528,2025-11-27,67
528,2026-02-25,119
528,2025-11-11,95
528,2026-08-08,101
528,2025-12-03,41
528,2026-07-10,95
528,2026-08-02,84
528,2026-01-22,53
529,2025-11-24,27
529,2025-12-08,34
529,2026-06-23,8
529,2025-10-11,66
529,2026-01-08,118
530,2026-07-07,89
530,2025-08-25,70
530,2025-08-10,80
530,2026-03-09,99
530,2026-08-02,44
530,2025-10-28,113
530,2026-12-16,110
530,2025-11-07,69
530,2025-08-26,22
530,2026-11-24,112
530,2025-12-03,49
530,2025-11-25,21
530,2026-10-15,95
530,2026-08-14,93
531,2025-12-16,4
531,2025-12-18,45
531,2026-08-18,97
531,2026-12-06,53
531,2025-11-28,25
531,2025-11-05,23
531,2026-02-25,102
531,2025-05-05,66
531,2025-08-06,45
531,2025-12-19,33
532,2026-05-11,48
532,2026-02-27,70
532,2025-08-18,115
532,2025-04-09,99
532,2025-03-08,45
532,2026-04-01,26
532,2025-11-05,56
532,2026-04-11,86
533,2025-08-15,75
533,2026-06-15,13
533,2026-09-19,92
533,2026-11-05,12
533,2025-07-25,95
533,2026-01-17,54
533,2025-12-18,53
533,2026-07-10,81
533,2025-08-15,50
533,2025-11-22,68
533,2025-07-01,74
533,2025-12-12,70
533,2026-03-17,77
533,2026-07-15,120
534,2026-04-03,51
534,2025-12-01,110
534,2026-07-02,14
534,2026-03-24,51
534,2025-12-08,27
534,2026-05-20,7
534,2026-11-16,37
534,2025-12-14,104
534,2025-12-28,84
534,2025-12-08,13
534,2025-12-13,53
535,2026-07-06,97
535,2025-12-09,47
535,2026-05-03,38
535,2025-12-21,43
535,2026-10-28,49
535,2025-10-19,46
535,2025-10-21,1
535,2026-09-14,11
535,2025-11-24,100
535,2026-12-02,95
535,2025-10-28,50
535,2025-11-14,76
536,2025-10-09,79
536,2026-04-17,107
536,2025-09-27,18
536,2026-05-03,4
536,2026-07-21,63
537,2026-08-28,120
537,2025-04-03,56
537,2026-01-28,23
537,2026-03-07,100
537,2025-07-09,96
537,2026-01-15,10
537,2025-12-01,88
537,2026-03-20,67
537,2026-01-06,32
537,2025-07-21,120
537,2025-08-14,57
537,2025-06-18,44
537,2025-05-22,26
537,2025-09-25,11
538,2026-10-25,41
538,2026-05-24,104
538,2025-10-19,118
538,2025-11-25,98
538,2025-10-01,106
538,2025-12-22,116
538,2025-11-26,84
538,2025-10-17,76
538,2026-03-04,109
538,2026-07-18,1
538,2025-10-14,78
538,2026-03-11,6
538,2026-01-16,95
539,2025-05-24,118
539,2025-04-20,38
539,2025-01-08,105
539,2025-06-02,95
539,2025-08-09,77
539,2026-03-26,31
539,2025-09-10,38
539,2025-11-27,30
539,2026-11-13,46
539,2026-04-20,75
539,2026-03-27,94
539,2026-12-17,3
540,2025-04-17,53
540,2026-02-10,72
540,2026-11-08,107
540,2025-04-17,41
540,2025-09-02,97
540,2026-11-17,110
540,2026-11-04,43
540,2025-09-04,72
540,2025-07-15,63
540,2025-05-02,79
540,2025-11-09,37
541,2026-10-23,30
541,2025-05-16,16
541,2026-05-28,92
541,2025-04-07,91
541,2026-06-13,68
541,2026-09-13,43
541,2026-04-16,38
541,2026-10-13,52
541,2026-01-15,18
541,2025-10-13,94
541,2025-08-28,113
541,2026-05-04,19
541,2025-12-04,70
542,2025-08-17,77
542,2025-10-21,20
542,2026-03-26,69
542,2026-01-10,28
542,2025-07-04,52
543,2025-12-20,100
543,2026-08-15,48
543,2025-12-14,72
543,2026-09-02,28
543,2025-12-07,52
544,2025-08-11,20
544,2026-11-18,9
544,2025-06-08,63
544,2026-05-06,79
544,2025-10-08,2
544,2025-10-25,46
544,2025-10-12,18
544,2026-01-17,84
544,2026-04-06,77
544,2026-04-10,91
544,2025-02-03,33
544,2026-12-10,59
544,2026-05-24,63
544,2025-11-28,84
544,2026-08-02,36
544,2025-10-14,59
544,2025-10-10,47
544,2026-06-19,62
544,2026-04-20,50
544,2025-01-22,26
545,2025-09-16,27
545,2026-09-28,94
545,2025-04-17,111
545,2025-08-26,15
545,2026-06-14,80
545,2026-04-02,61
545,2025-05-22,65
545,2026-11-15,103
545,2025-10-19,76
545,2025-10-11,65
545,2026-03-08,53
545,2025-08-25,9
545,2025-04-09,69
546,2026-09-23,54
546,2026-02-05,50
546,2026-08-23,21
546,2025-12-05,108
546,2025-09-28,63
546,2026-11-06,34
546,2025-12-13,4
546,2026-02-24,90
546,2026-11-18,100
546,2026-06-07,60
546,2025-08-23,102
546,2026-04-15,116
546,2026-04-04,68
546,2026-06-19,52
546,2026-01-16,106
547,2026-10-27,33
547,2026-09-23,119
547,2025-08-24,40
547,2025-04-02,96
547,2026-01-26,57
547,2026-07-02,20
547,2025-05-02,94
547,2026-05-25,6
548,2026-03-19,53
548,2025-10-24,72
548,2026-12-26,40
548,2025-11-07,96
548,2026-05-19,92
548,2026-10-27,95
548,2025-11-04,103
548,2026-12-07,104
548,2026-07-21,106
548,2026-05-15,94
548,2026-09-27,60
548,2025-12-16,117
548,2025-10-27,90
548,2026-04-19,96
548,2025-11-21,92
548,2025-11-23,104
548,2026-08-04,72
548,2026-04-23,52
548,2025-12-04,61
549,2025-11-01,33
549,2025-07-12,49
549,2025-06-10,16
549,2025-06-14,88
549,2026-08-15,46
549,2025-09-25,1
549,2026-02-05,113
549,2026-10-23,95
549,2026-02-15,56
549,2025-11-11,2
549,2026-05-06,90
549,2026-03-19,93
549,2025-11-10,27
549,2025-09-24,53
550,2026-03-28,22
550,2026-01-05,95
550,2026-05-08,10
550,2026-11-08,74
550,2025-11-17,40
550,2026-05-16,17
550,2026-07-02,106
550,2026-07-26,60
550,2025-12-02,88
550,2025-11-20,3
550,2026-12-04,41
550,2026-01-22,105
550,2025-11-03,31
550,2026-01-23,80
550,2026-04-03,111
550,2025-10-26,99
550,2025-12-14,50
550,2026-07-13,42
550,2026-11-01,42
551,2025-11-06,81
551,2025-12-19,36
551,2025-11-08,90
551,2025-12-03,60
551,2025-11-18,114
551,2025-10-17,5
551,2026-08-08,24
551,2025-10-13,100
551,2026-09-25,120
551,2026-05-12,43
551,2026-03-14,15
551,2026-02-01,57
552,2026-11-12,64
552,2025-09-06,80
552,2026-01-18,52
552,2026-05-10,12
552,2025-07-11,119
553,2025-08-18,51
553,2025-12-13,32
553,2026-07-01,5
553,2026-11-06,43
553,2026-02-12,12
553,2026-10-28,97
553,2026-12-12,10
553,2025-09-17,33
553,2026-04-03,107
553,2025-09-26,26
553,2026-05-26,112
553,2026-09-21,3
553,2025-10-16,55
553,2025-06-07,35
553,2026-02-13,36
553,2026-02-11,20
553,2026-06-08,20
553,2025-07-28,87
554,2026-01-24,87
554,2025-10-04,35
554,2025-10-19,93
554,2026-02-20,72
554,2026-01-25,108
554,2026-04-15,99
554,2026-09-22,98
554,2025-10-13,66
554,2025-11-25,119
554,2025-10-24,2
554,2025-11-17,70
554,2025-11-28,84
554,2025-12-04,35
555,2025-06-10,92
555,2025-08-02,71
555,2025-03-11,49
555,2025-08-21,67
555,2026-10-19,5
556,2025-08-03,13
556,2026-12-14,73
556,2026-07-01,114
556,2025-06-06,117
556,2026-07-15,107
556,2026-05-05,65
556,2025-07-23,88
556,2026-10-17,111
556,2025-11-25,21
556,2025-12-27,104
557,2026-10-23,93
557,2026-10-03,109
557,2025-08-01,111
557,2025-02-08,29
557,2025-06-24,56
557,2026-07-22,46
557,2026-12-28,16
557,2026-07-12,63
557,2025-05-01,37
557,2026-01-10,31
557,2026-05-21,13
557,2026-05-12,6
557,2026-03-24,91
558,2025-05-25,17
558,2025-03-16,19
558,2026-12-18,118
558,2026-07-09,13
558,2025-09-04,115
558,2025-12-12,105
558,2026-08-09,42
558,2026-02-17,96
558,2025-08-28,65
558,2025-12-08,40
558,2025-11-08,48
558,2026-11-27,119
558,2026-03-22,82
558,2026-09-17,46
558,2025-12-06,2
559,2026-06-13,79
559,2025-06-12,86
559,2026-03-15,56
559,2025-06-08,54
559,2025-05-26,23
559,2026-06-08,116
559,2026-02-18,27
559,2026-06-21,61
559,2025-06-26,119
559,2025-12-01,12
559,2026-08-03,87
559,2025-10-05,73
559,2026-06-28,118
559,2025-06-24,50
559,2026-05-15,29
559,2026-11-07,36
559,2025-08-23,32
559,2025-04-24,28
560,2025-12-23,16
560,2026-11-24,55
560,2026-10-21,7
560,2026-07-21,63
560,2026-08-16,83
560,2025-01-23,119
560,2025-02-22,112
560,2025-05-01,71
560,2025-09-09,32
560,2026-09-06,51
561,2025-11-18,58
561,2026-12-16,101
561,2026-11-08,25
561,2026-03-05,42
561,2025-10-08,79
562,2025-09-05,47
562,2026-08-15,99
562,2025-10-15,33
562,2026-08-22,44
562,2025-08-04,85
562,2026-03-03,13
562,2026-09-10,56
562,2025-08-23,49
562,2025-11-08,75
563,2026-09-27,65
563,2026-03-26,101
563,2025-12-15,43
563,2025-12-22,65
563,2026-08-25,61
563,2025-12-19,90
563,2025-12-17,44
563,2025-12-21,82
563,2025-12-11,40
563,2026-02-28,54
563,2026-10-10,53
563,2026-11-15,68
563,2025-12-07,92
563,2026-12-03,112
563,2025-12-20,92
563,2026-11-11,101
563,2025-12-04,92
564,2026-03-08,81
564,2026-11-02,12
564,2026-08-07,64
564,2026-10-14,18
564,2026-11-07,65
564,2026-06-10,99
564,2026-11-15,73
564,2025-11-18,81
564,2025-09-01,6
564,2025-08-26,4
564,2025-10-06,65
564,2026-11-14,77
564,2025-11-06,41
564,2025-10-16,42
564,2026-02-09,111
565,2026-08-04,81
565,2025-09-01,92
565,2026-11-12,66
565,2026-03-09,21
565,2025-12-28,87
565,2026-12-23,76
566,2026-06-23,85
566,2025-12-10,105
566,2025-08-12,15
566,2026-02-19,60
566,2025-10-03,24
566,2025-10-07,98
566,2025-10-08,56
566,2026-06-22,58
566,2026-08-15,28
566,2026-12-26,106
566,2025-11-26,107
566,2026-09-28,62
566,2026-01-07,86
566,2025-08-10,91
566,2026-10-03,33
566,2025-11-16,10
566,2025-12-01,101
567,2025-12-19,77
567,2025-11-27,34
567,2026-07-23,53
567,2026-11-09,61
567,2025-12-03,59
567,2025-10-10,99
567,2025-11-13,55
567,2025-12-02,28
567,2025-11-25,26
567,2026-10-12,92
567,2025-11-11,69
567,2026-12-24,114
567,2026-08-07,41
567,2025-11-18,98
567,2025-12-02,85
567,2026-03-17,89
567,2025-12-20,39
567,2026-07-09,93
568,2025-11-22,49
568,2025-12-20,90
568,2025-12-22,120
568,2025-11-25,74
568,2026-03-28,118
568,2026-06-13,90
568,2026-05-08,75
568,2025-12-03,81
568,2026-07-13,28
568,2025-11-21,51
568,2025-12-05,92
568,2025-11-12,87
568,2025-12-09,8
568,2026-09-15,112
568,2025-12-27,117
568,2025-11-07,95
568,2026-04-28,120
568,2026-12-21,86
569,2026-06-06,62
569,2025-12-11,75
569,2026-08-15,61
569,2025-10-12,39
569,2025-11-03,24
569,2026-10-25,77
569,2025-10-10,91
569,2025-11-01,7
569,2025-12-08,28
569,2025-09-05,51
569,2025-11-27,34
569,2026-01-06,9
570,2026-09-28,69
570,2026-02-12,64
570,2026-02-23,18
570,2025-09-09,23
570,2026-02-24,76
570,2026-07-25,11
570,2026-07-22,117
570,2026-06-18,77
570,2025-03-08,89
570,2026-06-05,89
570,2026-09-16,86
570,2025-07-07,1
571,2025-11-25,112
571,2025-11-08,103
571,2025-09-05,70
571,2026-09-20,64
571,2025-09-24,115
571,2025-09-26,116
571,2026-05-16,21
571,2026-09-22,40
571,2026-05-14,36
572,2026-01-15,88
572,2025-12-08,14
572,2025-08-18,46
572,2025-12-18,7
572,2026-06-13,95
572,2026-06-25,4
572,2026-09-04,84
572,2025-10-17,2
572,2025-08-18,116
572,2026-08-20,63
572,2026-05-16,56
572,2025-12-07,58
572,2026-07-07,107
572,2026-11-10,50
572,2026-04-08,30
572,2026-08-15,36
573,2025-05-16,74
573,2025-04-26,111
573,2026-03-17,15
573,2025-07-01,24
573,2025-09-10,27
573,2026-04-10,41
573,2025-07-06,15
573,2026-01-11,117
573,2025-06-16,17
573,2026-01-20,62
573,2026-03-20,10
573,2026-06-19,63
573,2026-04-14,49
573,2025-11-18,97
573,2026-10-04,78
573,2025-09-25,39
573,2026-12-08,50
573,2026-06-07,79
574,2026-09-15,104
574,2026-09-24,77
574,2026-11-28,47
574,2026-02-08,15
574,2026-05-09,102
574,2026-02-14,32
574,2026-03-11,62
574,2026-08-16,62
574,2026-04-15,82
574,2025-10-05,29
574,2026-09-15,57
574,2026-07-27,10
574,2025-12-25,73
574,2026-06-12,64
574,2025-10-24,24
574,2025-12-25,4
574,2025-11-19,2
574,2026-05-12,95
574,2025-11-08,49
575,2026-05-02,42
575,2025-12-08,36
575,2026-03-10,53
575,2025-10-04,18
575,2025-12-08,32
575,2025-09-11,31
575,2025-08-26,25
575,2026-10-16,41
575,2025-12-13,104
575,2025-11-06,94
575,2025-12-13,118
575,2025-11-16,72
575,2026-11-11,82
575,2026-09-21,111
575,2025-10-07,60
576,2025-11-19,120
576,2026-08-08,75
576,2025-12-28,50
576,2026-01-19,64
576,2026-09-26,42
576,2026-01-26,113
576,2025-12-09,47
576,2025-12-23,18
576,2026-03-20,115
576,2025-11-01,119
576,2026-10-08,91
576,2025-11-13,46
576,2025-12-17,21
576,2026-05-13,31
576,2025-12-20,39
576,2025-12-14,64
576,2025-11-15,57
576,2026-04-19,71
577,2025-12-26,82
577,2026-09-03,92
577,2026-11-02,65
577,2026-01-16,43
577,2026-04-23,71
577,2025-12-07,95
577,2026-06-20,81
577,2026-03-14,67
577,2025-12-02,99
577,2026-12-23,4
577,2026-02-26,25
577,2025-12-20,54
577,2026-03-03,100
577,2025-12-11,50
577,2025-12-26,4
577,2025-12-28,67
577,2026-04-15,73
577,2025-12-10,93
577,2025-12-03,29
578,2025-11-08,1
578,2026-12-07,73
578,2025-12-12,68
578,2025-10-14,72
578,2026-11-17,27
578,2026-09-04,55
578,2026-03-07,69
578,2026-07-11,86
578,2026-01-13,61
578,2026-06-12,73
578,2026-08-26,32
578,2026-05-04,104
578,2025-11-24,97
578,2026-08-22,17
578,2026-01-10,6
578,2025-11-23,106
578,2025-10-21,70
578,2026-06-17,58
578,2025-10-11,63
578,2026-06-26,61
579,2025-12-01,20
579,2026-02-01,102
579,2026-02-12,8
579,2026-12-25,39
579,2025-08-13,49
579,2025-12-22,16
579,2026-11-27,15
579,2025-10-21,47
579,2026-07-03,30
580,2025-12-09,57
580,2026-01-02,6
580,2026-06-18,39
580,2025-12-18,76
580,2025-08-21,62
580,2025-10-28,115
580,2025-12-13,40
580,2026-10-08,43
580,2026-11-12,95
580,2025-12-08,101
580,2026-04-18,28
580,2026-05-16,18
580,2025-09-12,42
580,2025-10-02,68
581,2025-12-03,101
581,2026-11-22,24
581,2026-05-21,82
581,2026-07-23,32
581,2025-12-24,5
581,2026-06-07,76
581,2025-12-23,112
581,2026-08-21,22
581,2026-02-10,2
581,2026-02-24,57
581,2025-12-07,10
581,2026-01-19,65
582,2026-07-18,117
582,2025-11-01,30
582,2026-07-20,14
582,2025-11-12,7
582,2025-12-09,42
582,2026-07-13,20
582,2026-08-08,15
582,2025-12-08,54
583,2025-12-13,76
583,2026-07-06,99
583,2025-12-16,102
583,2026-08-09,47
583,2025-12-21,73
583,2026-02-15,116
583,2025-12-03,98
583,2026-08-04,120
584,2025-09-06,49
584,2025-09-27,117
584,2026-08-03,115
584,2026-06-02,109
584,2026-05-25,14
584,2026-03-14,34
584,2026-06-22,85
584,2025-11-26,54
584,2026-12-12,33
584,2025-12-22,108
584,2025-08-24,105
584,2026-09-02,33
584,2026-07-05,3
584,2025-11-26,25
584,2026-04-20,51
584,2026-12-06,40
584,2025-10-22,54
584,2025-12-26,63
585,2025-09-14,34
585,2026-01-26,22
585,2026-12-04,25
585,2026-04-10,20
585,2026-06-11,50
585,2025-11-07,19
585,2026-12-05,107
585,2025-08-18,33
585,2025-12-12,45
585,2025-07-19,86
585,2026-05-05,112
585,2026-03-28,62
585,2026-01-12,52
585,2025-11-09,83
586,2025-11-06,61
586,2025-09-13,25
586,2025-10-02,89
586,2025-12-07,63
586,2025-09-05,53
586,2026-03-15,32
586,2025-09-14,17
586,2026-08-24,55
586,2026-05-14,113
586,2026-09-26,66
587,2026-07-18,58
587,2026-05-19,88
587,2025-12-09,78
587,2025-12-07,54
587,2026-06-21,114
587,2026-03-28,107
587,2026-07-17,34
587,2025-12-08,52
588,2026-11-17,27
588,2025-07-07,10
588,2026-02-23,92
588,2025-07-16,58
588,2025-09-08,39
588,2025-08-18,88
588,2025-08-07,14
588,2026-11-24,13
588,2025-07-13,52
588,2026-09-27,2
588,2025-08-14,18
588,2025-07-28,77
588,2025-11-17,108
588,2026-04-03,15
588,2026-05-25,114
588,2025-11-16,70
588,2025-09-16,32
588,2026-02-28,41
589,2025-11-25,55
589,2025-11-28,24
589,2025-11-12,8
589,2026-07-02,19
589,2026-11-06,104
589,2025-09-28,64
589,2025-07-11,14
590,2026-11-04,102
590,2025-12-02,54
590,2025-11-02,68
590,2026-01-03,42
590,2026-10-19,64
590,2025-12-05,91
590,2025-11-19,79
590,2026-11-12,24
590,2026-09-13,54
591,2025-10-07,54
591,2025-08-18,120
591,2025-03-10,6
591,2026-04-16,26
591,2025-10-22,59
591,2025-06-25,26
591,2025-05-20,2
591,2025-02-02,44
591,2026-03-13,102
591,2025-09-01,81
591,2025-12-10,64
591,2026-09-27,42
591,2026-10-17,92
591,2025-03-08,22
591,2026-04-18,16
591,2026-03-05,77
592,2025-04-19,59
592,2025-07-09,5
592,2025-06-19,86
592,2025-10-22,109
592,2026-08-25,114
592,2026-05-08,83
592,2025-10-18,52
592,2026-06-20,35
592,2026-09-02,8
592,2026-11-27,107
592,2025-06-25,55
593,2026-07-20,107
593,2025-12-27,45
593,2026-11-21,47
593,2025-12-27,118
593,2026-09-08,70
593,2026-06-02,2
593,2026-12-15,5
593,2025-12-04,57
593,2025-12-21,113
593,2025-12-25,47
593,2025-12-07,27
594,2025-08-22,54
594,2026-05-01,15
594,2025-04-10,52
594,2025-04-20,87
594,2025-06-11,24
594,2025-09-06,23
594,2026-01-22,73
594,2025-04-13,96
594,2026-03-25,50
594,2026-04-08,15
594,2026-02-10,7
594,2025-06-04,1
595,2026-02-23,58
595,2025-12-26,75
595,2026-06-15,118
595,2026-01-11,98
595,2025-12-22,82
595,2026-01-18,10
595,2025-10-27,107
596,2026-08-26,104
596,2025-11-12,21
596,2026-04-12,77
596,2026-02-16,103
596,2026-04-12,24
596,2026-02-08,84
596,2025-07-23,24
596,2026-08-04,7
596,2026-07-11,96
596,2026-01-06,38
596,2025-07-12,114
596,2026-08-15,37
596,2025-11-10,75
596,2025-08-16,11
596,2026-06-07,20
597,2026-11-20,120
597,2026-12-26,87
597,2026-03-13,16
597,2026-09-15,117
597,2025-10-27,94
597,2025-07-16,14
597,2026-02-03,9
597,2026-03-24,34
597,2025-08-10,90
598,2026-05-14,57
598,2025-07-22,120
598,2025-10-03,119
598,2026-12-09,12
598,2025-12-14,52
598,2026-05-11,84
598,2025-11-12,61
598,2025-08-09,1
598,2025-12-26,12
598,2026-07-03,60
598,2025-10-04,27
598,2025-07-04,87
598,2025-10-07,69
598,2025-07-22,67
